addServerStatsToSnooper,func_70000_a
addServerTypeToSnooper,func_70001_b
isSnooperEnabled,func_70002_Q
canCommandSenderUseCommand,func_70003_b
getCommandSenderName,func_70005_c_
resetLog,func_70007_b
getLogContents,func_70008_c
getDistance,func_70011_f
setLocationAndAngles,func_70012_b
getBrightness,func_70013_c
writeEntityToNBT,func_70014_b
setFire,func_70015_d
setVelocity,func_70016_h
setBeenAttacked,func_70018_K
setEating,func_70019_c
readFromNBT,func_70020_e
getParts,func_70021_al
getEntityString,func_70022_Q
addVelocity,func_70024_g
isWet,func_70026_G
isBurning,func_70027_ad
isEntityEqual,func_70028_i
setWorld,func_70029_a
onEntityUpdate,func_70030_z
setSprinting,func_70031_b
getDistanceToEntity,func_70032_d
getYOffset,func_70033_W
setRotationYawHead,func_70034_d
getLastActiveItems,func_70035_c
readEntityFromNBT,func_70037_a
isOffsetPositionInLiquid,func_70038_c
writeToNBTOptional,func_70039_c
getLookVec,func_70040_Z
canTriggerWalking,func_70041_e_
getMountedYOffset,func_70042_X
updateRiderPosition,func_70043_V
setOnFireFromLava,func_70044_A
isImmuneToFire,func_70045_F
getBoundingBox,func_70046_E
getEyeHeight,func_70047_e
newFloatNBTList,func_70049_a
setAir,func_70050_g
isSprinting,func_70051_ag
setFlag,func_70052_a
getShadowSize,func_70053_R
isInsideOfMaterial,func_70055_a
setPositionAndRotation2,func_70056_a
performHurtAnimation,func_70057_ab
handleLavaMovement,func_70058_J
moveFlying,func_70060_a
setCurrentItemOrArmor,func_70062_b
setInPortal,func_70063_aa
updateFallState,func_70064_a
preparePlayerToSpawn,func_70065_x
extinguish,func_70066_B
canBeCollidedWith,func_70067_L
getDistanceSqToEntity,func_70068_e
fall,func_70069_a
getBrightnessForRender,func_70070_b
onUpdate,func_70071_h_
handleWaterMovement,func_70072_I
onKillEntity,func_70074_a
canAttackWithItem,func_70075_an
kill,func_70076_C
onStruckByLightning,func_70077_a
mountEntity,func_70078_a
getRotationYawHead,func_70079_am
setPositionAndRotation,func_70080_a
dealFireDamage,func_70081_e
setAngles,func_70082_c
getFlag,func_70083_f
addToPlayerScore,func_70084_c
interact,func_70085_c
getAir,func_70086_ai
newDoubleNBTList,func_70087_a
entityInit,func_70088_a
isEntityAlive,func_70089_S
isInWater,func_70090_H
moveEntity,func_70091_d
getDistanceSq,func_70092_e
isSneaking,func_70093_af
isEntityInsideOpaqueBlock,func_70094_T
setSneaking,func_70095_a
getDataWatcher,func_70096_w
attackEntityFrom,func_70097_a
updateRidden,func_70098_U
entityDropItem,func_70099_a
onCollideWithPlayer,func_70100_b_
setRotation,func_70101_b
handleHealthUpdate,func_70103_a
canBePushed,func_70104_M
setSize,func_70105_a
setDead,func_70106_y
setPosition,func_70107_b
applyEntityCollision,func_70108_f
writeToNBT,func_70109_d
setInWeb,func_70110_aj
getCollisionBorderSize,func_70111_Y
isInRangeToRenderDist,func_70112_a
isEating,func_70113_ah
getCollisionBox,func_70114_g
isRiding,func_70115_ae
onImpact,func_70184_a
getGravityVelocity,func_70185_h
setThrowableHeading,func_70186_c
getPotionDamage,func_70196_i
moveTowards,func_70220_a
onImpact,func_70227_a
setDamage,func_70239_b
setKnockbackStrength,func_70240_a
getIsCritical,func_70241_g
getDamage,func_70242_d
setIsCritical,func_70243_d
setTimeSinceHit,func_70265_b
setDamageTaken,func_70266_a
getForwardDirection,func_70267_i
getTimeSinceHit,func_70268_h
setForwardDirection,func_70269_c
setIsBoatEmpty,func_70270_d
getDamageTaken,func_70271_g
setAgeToCreativeDespawnTime,func_70288_d
combineItems,func_70289_a
openInventory,func_70295_k_
markDirty,func_70296_d
getInventoryStackLimit,func_70297_j_
decrStackSize,func_70298_a
setInventorySlotContents,func_70299_a
isUseableByPlayer,func_70300_a
getStackInSlot,func_70301_a
getSizeInventory,func_70302_i_
getStackInSlotOnClosing,func_70304_b
closeInventory,func_70305_f
decrementAnimations,func_70429_k
getTotalArmorValue,func_70430_l
hasItemStack,func_70431_c
storeItemStack,func_70432_d
dropAllItems,func_70436_m
setItemStack,func_70437_b
armorItemInSlot,func_70440_f
addItemStackToInventory,func_70441_a
writeToNBT,func_70442_a
readFromNBT,func_70443_b
getItemStack,func_70445_o
getFirstEmptyStack,func_70447_i
getCurrentItem,func_70448_g
damageArmor,func_70449_g
getHotbarSize,func_70451_h
storePartialItemStack,func_70452_e
changeCurrentItem,func_70453_c
copyInventory,func_70455_b
getStackInRowAndColumn,func_70463_b
getCurrentRecipe,func_70468_h
inventoryResetNeededOnSlotChange,func_70469_d
resetRecipeAndSlots,func_70470_g
setCurrentRecipeIndex,func_70471_c
loadInventoryFromNBT,func_70486_a
saveInventoryToNBT,func_70487_g
getDamage,func_70491_i
setDamage,func_70492_c
getRollingDirection,func_70493_k
setRollingDirection,func_70494_i
getRollingAmplitude,func_70496_j
setRollingAmplitude,func_70497_h
explode,func_70515_d
onValidSurface,func_70518_d
getXpValue,func_70526_d
getXPSplit,func_70527_a
getTextureByXP,func_70528_g
getRedColorF,func_70534_d
getBlueColorF,func_70535_g
setParticleTextureIndex,func_70536_a
getFXLayer,func_70537_b
setRBGColorF,func_70538_b
renderParticle,func_70539_a
multipleParticleScaleBy,func_70541_f
getGreenColorF,func_70542_f
multiplyVelocity,func_70543_e
setBaseSpellTextureIndex,func_70589_b
applyColourMultiplier,func_70596_a
getSoundVolume,func_70599_aP
dropRareDrop,func_70600_l
getCanSpawnHere,func_70601_bi
getRenderSizeModifier,func_70603_bj
setRevengeTarget,func_70604_c
getMoveHelper,func_70605_aq
setHealth,func_70606_j
isPlayerSleeping,func_70608_bn
onDeathUpdate,func_70609_aI
isMovementBlocked,func_70610_aX
moveEntityWithHeading,func_70612_e
isClientWorld,func_70613_aW
rayTrace,func_70614_a
eatGrassBonus,func_70615_aA
isOnLadder,func_70617_f_
removePotionEffectClient,func_70618_n
updateAITasks,func_70619_bc
getItemIcon,func_70620_b
getHurtSound,func_70621_aR
despawnEntity,func_70623_bb
setAttackTarget,func_70624_b
faceEntity,func_70625_a
updateEntityActionState,func_70626_be
getTalkInterval,func_70627_aG
dropFewItems,func_70628_a
updateAITick,func_70629_bd
isChild,func_70631_g_
isBlocking,func_70632_aY
setPositionAndUpdate,func_70634_a
getEntitySenses,func_70635_at
onLivingUpdate,func_70636_d
setJumping,func_70637_d
getAttackTarget,func_70638_az
getLivingSound,func_70639_aQ
getMaxSpawnedInChunk,func_70641_bl
playLivingSound,func_70642_aH
getAITarget,func_70643_av
isPotionActive,func_70644_a
onDeath,func_70645_a
getVerticalFaceSpeed,func_70646_bf
getSoundPitch,func_70647_i
canBreatheUnderwater,func_70648_aU
isAIEnabled,func_70650_aV
getActivePotionEffects,func_70651_bq
attackEntityAsMob,func_70652_k
knockBack,func_70653_a
getAge,func_70654_ax
applyArmorCalculations,func_70655_b
spawnExplosionParticle,func_70656_aK
setMoveForward,func_70657_f
getTotalArmorValue,func_70658_aO
setAIMoveSpeed,func_70659_e
getActivePotionEffect,func_70660_b
getNavigator,func_70661_as
isEntityUndead,func_70662_br
updateRotation,func_70663_b
jump,func_70664_aZ
damageEntity,func_70665_d
getPosition,func_70666_h
getCreatureAttribute,func_70668_bt
renderBrokenItemStack,func_70669_a
onNewPotionEffect,func_70670_a
getLookHelper,func_70671_ap
applyPotionDamageCalculations,func_70672_c
getDeathSound,func_70673_aS
clearActivePotions,func_70674_bp
damageArmor,func_70675_k
getLook,func_70676_i
getSwingProgress,func_70678_g
updatePotionEffects,func_70679_bo
getRNG,func_70681_au
decreaseAirSupply,func_70682_h
getJumpHelper,func_70683_ar
isPlayer,func_70684_aJ
canEntityBeSeen,func_70685_l
canAttackClass,func_70686_a
isPotionApplicable,func_70687_e
onFinishedPotionEffect,func_70688_c
getAIMoveSpeed,func_70689_ay
addPotionEffect,func_70690_d
heal,func_70691_i
canDespawn,func_70692_ba
getExperiencePoints,func_70693_a
getHeldItem,func_70694_bm
onChangedPotionEffect,func_70695_b
getEntityToAttack,func_70777_m
setPathToEntity,func_70778_a
updateWanderPath,func_70779_j
isMovementCeased,func_70780_i
hasPath,func_70781_l
findPlayerToAttack,func_70782_k
getBlockPathWeight,func_70783_a
setTarget,func_70784_b
attackEntity,func_70785_a
isCourseTraversable,func_70790_a
setSlimeSize,func_70799_a
canDamagePlayer,func_70800_m
getSlimeParticle,func_70801_i
createInstance,func_70802_j
getJumpSound,func_70803_o
makesSoundOnLand,func_70804_p
getAttackStrength,func_70805_n
getJumpDelay,func_70806_k
makesSoundOnJump,func_70807_r
alterSquishAmount,func_70808_l
getSlimeSize,func_70809_q
isValidLightLevel,func_70814_o
teleportToEntity,func_70816_c
setCarryingData,func_70817_b
setScreaming,func_70819_e
teleportRandomly,func_70820_n
shouldAttackPlayer,func_70821_d
isScreaming,func_70823_r
getCarryingData,func_70824_q
teleportTo,func_70825_j
setCreeperState,func_70829_a
getPowered,func_70830_n
getCreeperFlashIntensity,func_70831_j
getCreeperState,func_70832_p
becomeAngryAt,func_70835_c
setBesideClimbableBlock,func_70839_e
isBesideClimbableBlock,func_70841_p
setPlayerCreated,func_70849_f
isPlayerCreated,func_70850_q
setHoldingRose,func_70851_e
getVillage,func_70852_n
getHoldRoseTick,func_70853_p
getAttackTimer,func_70854_o
setGrowingAge,func_70873_a
getGrowingAge,func_70874_b
resetInLove,func_70875_t
procreate,func_70876_c
isBreedingItem,func_70877_b
canMateWith,func_70878_b
isInLove,func_70880_s
setFleeceColor,func_70891_b
getSheared,func_70892_o
setSheared,func_70893_e
getRandomFleeceColor,func_70895_a
getFleeceColor,func_70896_n
setSaddled,func_70900_e
getSaddled,func_70901_n
getOwner,func_70902_q
setTamed,func_70903_f
setSitting,func_70904_g
getOwnerName,func_70905_p
isSitting,func_70906_o
playTameEffect,func_70908_e
isTamed,func_70909_n
setOwner,func_70910_a
setTameSkin,func_70912_b
getTameSkin,func_70913_u
getShadingWhileShaking,func_70915_j
setAngry,func_70916_h
getInterestedAngle,func_70917_k
isAngry,func_70919_bu
getTailRotation,func_70920_v
getWolfShaking,func_70921_u
getShakeAngle,func_70923_f
setRecipes,func_70930_a
getCustomer,func_70931_l_
setCustomer,func_70932_a_
useRecipe,func_70933_a
getRecipes,func_70934_b
setProfession,func_70938_b
setPlaying,func_70939_f
isTrading,func_70940_q
isMating,func_70941_o
generateRandomParticles,func_70942_a
isPlaying,func_70945_p
getProfession,func_70946_n
setMating,func_70947_e
addDefaultEquipmentAndRecipies,func_70950_c
attackEntityFromPart,func_70965_a
setNewTarget,func_70967_k
updateDragonEnderCrystal,func_70969_j
collideWithEntities,func_70970_a
attackEntitiesInList,func_70971_b
destroyBlocksInAABB,func_70972_a
simplifyAngle,func_70973_b
getMovementOffsets,func_70974_a
createEnderPortal,func_70975_a
shouldHeal,func_70996_bM
getBedLocation,func_70997_bJ
interactWith,func_70998_m
wakeUpPlayer,func_70999_a
addMovementStat,func_71000_j
onItemPickup,func_71001_a
displayGUIEnchantment,func_71002_c
respawnPlayer,func_71004_bE
getInventoryEnderChest,func_71005_bN
displayGUIChest,func_71007_a
setItemInUse,func_71008_a
onCriticalHit,func_71009_b
updateItemUse,func_71010_c
getItemInUse,func_71011_bu
joinEntityItemWithWorld,func_71012_a
addMountedMovementStat,func_71015_k
sendPlayerAbilities,func_71016_p
sleepInBedAt,func_71018_a
dropPlayerItemWithRandomChoice,func_71019_a
addExhaustion,func_71020_j
addExperience,func_71023_q
getFoodStats,func_71024_bL
isPlayerFullyAsleep,func_71026_bH
travelToDimension,func_71027_c
destroyCurrentEquippedItem,func_71028_bD
triggerAchievement,func_71029_a
displayGUIMerchant,func_71030_a
setGameType,func_71033_a
stopUsingItem,func_71034_by
onItemUseFinish,func_71036_o
getScore,func_71037_bA
swingItem,func_71038_i
isUsingItem,func_71039_bw
dropOneItem,func_71040_bB
clearItemInUse,func_71041_bz
canEat,func_71043_e
collideWithPlayer,func_71044_o
getCurrentEquippedItem,func_71045_bC
onEnchantmentCritical,func_71047_c
displayGUIBook,func_71048_c
clonePlayer,func_71049_a
xpBarCap,func_71050_bK
getBedOrientationInDegrees,func_71051_bG
getItemInUseCount,func_71052_bv
closeScreen,func_71053_j
verifyRespawnCoordinates,func_71056_a
getItemInUseDuration,func_71057_bx
displayGUIWorkbench,func_71058_b
attackTargetEntityWithCurrentItem,func_71059_n
getSleepTimer,func_71060_bI
resetHeight,func_71061_d_
setSpawnChunk,func_71063_a
addStat,func_71064_a
isInBed,func_71065_l
sendContainerAndContentsToPlayer,func_71110_a
sendSlotContents,func_71111_a
sendProgressBarUpdate,func_71112_a
updateHeldItem,func_71113_k
getPlayerIP,func_71114_r
addSelfToInternalCraftingInventory,func_71116_b
getNextWindowId,func_71117_bO
setPlayerHealthUpdated,func_71118_n
sendContainerToPlayer,func_71120_a
getServerForPlayer,func_71121_q
handleFalling,func_71122_b
mountEntityAndWakeUp,func_71123_m
getEquipmentInSlot,func_71124_b
onUpdateEntity,func_71127_g
closeContainer,func_71128_l
setPlayerSPHealth,func_71150_b
getFOVMultiplier,func_71151_f
setXPStats,func_71152_a
isBlockTranslucent,func_71153_f
sendChatMessage,func_71165_d
sendMotionUpdates,func_71166_b
getCommandManager,func_71187_D
setAllowPvp,func_71188_g
setHostname,func_71189_e
updateTimeLightAndEntities,func_71190_q
setBuildLimit,func_71191_d
setUserMessage,func_71192_d
allowSpawnMonsters,func_71193_K
canCreateBonusChest,func_71194_c
getUserMessage,func_71195_b_
startServer,func_71197_b
logDebug,func_71198_k
isHardcore,func_71199_h
serverIsInRunLoop,func_71200_ad
logSevere,func_71201_j
getConfigurationManager,func_71203_ab
setDemo,func_71204_b
setMOTD,func_71205_p
shareToLAN,func_71206_a
getBuildLimit,func_71207_Z
setServerPort,func_71208_b
getFile,func_71209_f
setConfigurationManager,func_71210_a
getServerHostname,func_71211_k
getAllUsernames,func_71213_z
getServerOwner,func_71214_G
getServerPort,func_71215_F
outputPercentRemaining,func_71216_a_
tick,func_71217_p
worldServerForDimension,func_71218_a
isPVPEnabled,func_71219_W
getCanSpawnNPCs,func_71220_V
getWorldName,func_71221_J
initialWorldChunkLoad,func_71222_d
enableProfiling,func_71223_ag
setServerOwner,func_71224_l
canStructuresSpawn,func_71225_e
finalTick,func_71228_a
setOnlineMode,func_71229_d
addServerInfoToCrashReport,func_71230_b
isFlightAllowed,func_71231_X
getCurrentPlayerCount,func_71233_x
getPort,func_71234_u
setGameType,func_71235_a
logWarning,func_71236_h
convertMapIfNeeded,func_71237_c
getDataDirectory,func_71238_n
isDebuggingEnabled,func_71239_B
systemExitNow,func_71240_o
isServerStopped,func_71241_aa
isDemo,func_71242_L
clearCurrentTask,func_71243_i
logInfo,func_71244_g
setAllowFlight,func_71245_h
setWorldName,func_71246_n
loadAllWorlds,func_71247_a
getPossibleCompletions,func_71248_a
getMinecraftVersion,func_71249_w
getKeyPair,func_71250_E
setCanSpawnAnimals,func_71251_e
handleRConCommand,func_71252_i
setKeyPair,func_71253_a
getActiveAnvilConverter,func_71254_M
getAllowNether,func_71255_r
startServerThread,func_71256_s
setCanSpawnNPCs,func_71257_f
getPlugins,func_71258_A
getTickCounter,func_71259_af
stopServer,func_71260_j
setFolderName,func_71261_m
isDedicatedServer,func_71262_S
initiateShutdown,func_71263_m
isSinglePlayer,func_71264_H
getGameType,func_71265_f
isServerInOnlineMode,func_71266_T
saveAllWorlds,func_71267_a
getCanSpawnAnimals,func_71268_U
getFolderName,func_71270_I
deleteWorldAndStopServer,func_71272_O
getMOTD,func_71273_Y
getMotd,func_71274_v
getMaxPlayers,func_71275_y
getServer,func_71276_C
getHostname,func_71277_t
isServerRunning,func_71278_l
getGuiEnabled,func_71279_ae
saveProperties,func_71326_a
getIntProperty,func_71327_a
setProperty,func_71328_a
getSettingsFilename,func_71329_c
getStringProperty,func_71330_a
addPendingCommand,func_71331_a
getBooleanProperty,func_71332_a
executePendingCommands,func_71333_ah
getPublic,func_71344_c
setServerData,func_71351_a
toggleFullscreen,func_71352_k
loadWorld,func_71353_a
setDimensionAndSpawnPlayer,func_71354_a
isDemo,func_71355_q
isSingleplayer,func_71356_B
loadScreen,func_71357_I
getSaveLoader,func_71359_d
checkGLError,func_71361_d
stopIntegratedServer,func_71363_D
setIngameNotInFocus,func_71364_i
screenshotListener,func_71365_K
displayDebugInfo,func_71366_a
setServer,func_71367_a
getGLMaximumTextureSize,func_71369_N
resize,func_71370_a
launchIntegratedServer,func_71371_a
isFullScreen,func_71372_G
debugInfoEntities,func_71374_p
isFancyGraphicsEnabled,func_71375_t
displayCrashReport,func_71377_b
getPlayerUsageSnooper,func_71378_E
isAmbientOcclusionEnabled,func_71379_u
setIngameFocus,func_71381_h
isGuiEnabled,func_71382_s
updateDebugProfilerName,func_71383_b
startGame,func_71384_a
displayInGameMenu,func_71385_j
getSystemTime,func_71386_F
isIntegratedServerRunning,func_71387_A
getWorldProviderName,func_71388_o
startTimerHackThread,func_71389_H
scaledTessellator,func_71392_a
debugInfoRenders,func_71393_m
addGraphicsAndWorldToCrashReport,func_71396_d
freeMemory,func_71398_f
shutdown,func_71400_g
getIntegratedServer,func_71401_C
loadWorld,func_71403_a
crashed,func_71404_a
shutdownMinecraftApplet,func_71405_e
runTick,func_71407_l
getEntityDebug,func_71408_n
getMinecraft,func_71410_x
runGameLoop,func_71411_J
getFile,func_71497_f
getCauseStackTraceOrString,func_71498_d
addCrashSectionThrowable,func_71499_a
addCrashSectionCallable,func_71500_a
getDescription,func_71501_a
getCompleteReport,func_71502_e
getWittyComment,func_71503_h
populateEnvironment,func_71504_g
getCrashCause,func_71505_b
getSectionsInStringBuilder,func_71506_a
addCrashSection,func_71507_a
getCommandAliases,func_71514_a
processCommand,func_71515_b
addTabCompletionOptions,func_71516_a
getCommandName,func_71517_b
getCommandUsage,func_71518_a
canCommandSenderUseCommand,func_71519_b
getCommandSenderAsPlayer,func_71521_c
notifyAdmins,func_71522_a
doesStringStartWith,func_71523_a
notifyAdmins,func_71524_a
parseInt,func_71526_a
joinNiceString,func_71527_a
parseIntWithMin,func_71528_a
setAdminCommander,func_71529_a
getListOfStringsMatchingLastWord,func_71530_a
getListOfStringsFromIterableMatchingLastWord,func_71531_a
parseIntBounded,func_71532_a
getSortedPossibleCommands,func_71534_d
getCommands,func_71535_c
getPlayers,func_71536_c
getListOfPlayerUsernames,func_71538_c
getGameModeFromCommand,func_71539_b
setGameType,func_71541_a
getAllUsernames,func_71542_c
setTime,func_71552_a
addTime,func_71553_b
toggleDownfall,func_71554_c
getCommands,func_71555_a
executeCommand,func_71556_a
getPossibleCommands,func_71557_a
getPossibleCommands,func_71558_b
dropFirstString,func_71559_a
registerCommand,func_71560_a
notifyAdmins,func_71563_a
filerAllowedCharacters,func_71565_a
isAllowedCharacter,func_71566_a
getDistanceSquared,func_71569_e
set,func_71571_b
getCrashReport,func_71575_a
cleanPool,func_72298_a
getAABB,func_72299_a
clearPool,func_72300_b
expand,func_72314_b
isVecInXZ,func_72315_c
calculateXOffset,func_72316_a
offset,func_72317_d
isVecInside,func_72318_a
isVecInXY,func_72319_d
getAverageEdgeLength,func_72320_b
addCoord,func_72321_a
calculateZOffset,func_72322_c
calculateYOffset,func_72323_b
setBounds,func_72324_b
getOffsetBoundingBox,func_72325_c
intersectsWith,func_72326_a
calculateIntercept,func_72327_a
setBB,func_72328_c
copy,func_72329_c
getBoundingBox,func_72330_a
contract,func_72331_e
getAABBPool,func_72332_a
isVecInYZ,func_72333_b
clear,func_72343_a
clearAndFreeCache,func_72344_b
getVecFromPool,func_72345_a
getMaxPlayers,func_72352_l
isPlayerOpped,func_72353_e
updateTimeAndWeatherForPlayer,func_72354_b
initializeConnectionToPlayer,func_72355_a
transferPlayerToDimension,func_72356_a
setGameType,func_72357_a
updatePlayerPertinentChunks,func_72358_d
addToWhiteList,func_72359_h
removeOp,func_72360_c
getPlayerForUsername,func_72361_f
loadWhiteList,func_72362_j
getBannedIPs,func_72363_f
setPlayerManager,func_72364_a
getServerInstance,func_72365_p
playerLoggedOut,func_72367_e
respawnPlayer,func_72368_a
getAllUsernames,func_72369_d
isAllowedToLogin,func_72370_d
setWhiteListEnabled,func_72371_a
getEntityViewDistance,func_72372_a
getAvailablePlayerDat,func_72373_m
sendPlayerInfoToAllPlayers,func_72374_b
getOps,func_72376_i
playerLoggedIn,func_72377_c
getHostPlayerData,func_72378_q
removeFromWhitelist,func_72379_i
readPlayerDataFromFile,func_72380_a
getPlayerList,func_72382_j
isWhiteListEnabled,func_72383_n
syncPlayerInventory,func_72385_f
addOp,func_72386_b
setCommandsAllowedForAll,func_72387_b
getWhiteListedPlayers,func_72388_h
saveAllPlayerData,func_72389_g
getBannedPlayers,func_72390_e
writePlayerData,func_72391_b
removeAllPlayers,func_72392_r
getCurrentPlayerCount,func_72394_k
getViewDistance,func_72395_o
getPlayerListAsString,func_72398_c
loadOpsList,func_72417_t
readWhiteList,func_72418_v
saveOpsList,func_72419_u
saveWhiteList,func_72421_w
getIntermediateWithXValue,func_72429_b
dotProduct,func_72430_b
crossProduct,func_72431_c
normalize,func_72432_b
lengthVector,func_72433_c
getIntermediateWithZValue,func_72434_d
getIntermediateWithYValue,func_72435_c
squareDistanceTo,func_72436_e
distanceTo,func_72438_d
setComponents,func_72439_b
rotateAroundX,func_72440_a
addVector,func_72441_c
rotateAroundY,func_72442_b
createVectorHelper,func_72443_a
subtract,func_72444_a
squareDistanceTo,func_72445_d
rotateAroundZ,func_72446_c
getRequestId,func_72591_c
getRandomChallenge,func_72592_a
hasExpired,func_72593_a
getChallengeValue,func_72594_b
registerSocket,func_72601_a
startThread,func_72602_a
getNumberOfPlayers,func_72603_d
closeSocket,func_72604_a
closeServerSocket_do,func_72605_a
logWarning,func_72606_c
logDebug,func_72607_a
closeServerSocket,func_72608_b
logInfo,func_72609_b
logSevere,func_72610_d
closeAllSockets,func_72611_e
closeAllSockets_do,func_72612_a
isRunning,func_72613_c
sendResponsePacket,func_72620_a
parseIncomingPacket,func_72621_a
sendAuthChallenge,func_72622_d
stopWithException,func_72623_a
createQueryResponse,func_72624_b
getRequestID,func_72625_a
initQuerySystem,func_72626_g
verifyClientAuth,func_72627_c
cleanQueryClientsMap,func_72628_f
cleanClientThreadsMap,func_72645_g
initClientThreadList,func_72646_f
closeSocket,func_72653_g
sendResponse,func_72654_a
sendMultipacketResponse,func_72655_a
sendLoginFailedResponse,func_72656_f
getBytesAsString,func_72661_a
getRemainingBytesAsLEInt,func_72662_b
getByteAsHexString,func_72663_a
getBytesAsBEint,func_72664_c
getBytesAsLEInt,func_72665_b
writeInt,func_72667_a
writeShort,func_72668_a
reset,func_72669_b
writeByteArray,func_72670_a
writeString,func_72671_a
toByteArray,func_72672_a
getChunkWatchersWithPlayers,func_72682_c
addPlayer,func_72683_a
overlaps,func_72684_a
updatePlayerPertinentChunks,func_72685_d
getFurthestViewableBlock,func_72686_a
getWorldServer,func_72688_a
getChunkWatchers,func_72689_b
getOrCreateChunkWatcher,func_72690_a
filterChunkLoadQueue,func_72691_b
getWorldServer,func_72692_a
updatePlayerInstances,func_72693_b
isPlayerWatchingChunk,func_72694_a
removePlayer,func_72695_c
playRecord,func_72702_a
onEntityCreate,func_72703_a
playSound,func_72704_a
playAuxSFX,func_72706_a
spawnParticle,func_72708_a
onEntityDestroy,func_72709_b
loadRenderers,func_72712_a
renderSky,func_72714_a
updateRenderers,func_72716_a
drawBlockDamageTexture,func_72717_a
renderClouds,func_72718_b
sortAndRender,func_72719_a
checkOcclusionQueryResult,func_72720_a
hasCloudFog,func_72721_a
markRenderersForNewPosition,func_72722_c
getDebugInfoEntities,func_72723_d
renderSortedRenderers,func_72724_a
markBlocksForUpdate,func_72725_b
doSpawnParticle,func_72726_b
deleteAllDisplayLists,func_72728_f
clipRenderersByFrustum,func_72729_a
renderStars,func_72730_g
drawSelectionBox,func_72731_b
setWorldAndLoadRenderers,func_72732_a
renderAllRenderLists,func_72733_a
updateClouds,func_72734_e
getDebugInfoRenders,func_72735_c
renderCloudsFancy,func_72736_c
addEntityToTracker,func_72785_a
addEntityToTracker,func_72786_a
removePlayerFromTrackers,func_72787_a
updateTrackedEntities,func_72788_a
removeEntityFromAllTrackingPlayers,func_72790_b
addEntityToTracker,func_72791_a
getHeight,func_72800_K
getLightBrightness,func_72801_o
getLightBrightnessForSkyBlocks,func_72802_i
getBlockMetadata,func_72805_g
extendedLevelsInChunkCache,func_72806_N
getBiomeGenForCoords,func_72807_a
getSkyBlockTypeBrightness,func_72810_a
getSpecialBlockBrightness,func_72812_b
getWeightedThunderStrength,func_72819_i
getWorldTime,func_72820_D
setItemData,func_72823_a
getCloudColour,func_72824_f
getTopSolidOrLiquidBlock,func_72825_h
getCelestialAngle,func_72826_c
getProviderName,func_72827_u
unloadEntities,func_72828_b
checkBlockCollision,func_72829_c
isAABBInMaterial,func_72830_b
getSkyColor,func_72833_a
canBlockFreeze,func_72834_c
tick,func_72835_b
spawnEntityInWorld,func_72838_d
getEntitiesWithinAABBExcludingEntity,func_72839_b
getUniqueDataId,func_72841_b
getBlockDensity,func_72842_a
setRandomSeed,func_72843_D
getEntityPathToXYZ,func_72844_a
getClosestVulnerablePlayer,func_72846_b
onEntityRemoved,func_72847_b
removeWorldAccess,func_72848_b
getBlockLightValue_do,func_72849_a
isBlockFreezableNaturally,func_72850_v
getMoonPhase,func_72853_d
updateAllPlayersSleepingFlag,func_72854_c
checkNoEntityCollision,func_72855_b
getClosestVulnerablePlayerToEntity,func_72856_b
findNearestEntityWithinAABB,func_72857_a
getSaveHandler,func_72860_G
getSpawnPoint,func_72861_E
getChunkProvider,func_72863_F
isBlockIndirectlyGettingPowered,func_72864_z
getPathEntityToEntity,func_72865_a
updateEntityWithOptionalForce,func_72866_a
getRainStrength,func_72867_j
addLoadedEntities,func_72868_a
spawnParticle,func_72869_a
updateEntity,func_72870_g
getEntitiesWithinAABB,func_72872_a
doChunksNearChunkExist,func_72873_a
getPrecipitationHeight,func_72874_g
isMaterialInBB,func_72875_a
createExplosion,func_72876_a
setWorldTime,func_72877_b
getIndirectPowerLevelTo,func_72878_l
isBlockProvidingPowerTo,func_72879_k
getStarBrightness,func_72880_h
sendQuittingDisconnectingPacket,func_72882_A
getFullBlockLightValue,func_72883_k
isBlockFreezable,func_72884_u
newExplosion,func_72885_a
extinguishFire,func_72886_a
playAuxSFXAtEntity,func_72889_a
getClosestPlayerToEntity,func_72890_a
setAllowedSpawnTypes,func_72891_a
setRainStrength,func_72894_k
isRaining,func_72896_J
joinEntityInSurroundings,func_72897_h
blockExists,func_72899_e
removeEntity,func_72900_e
rayTraceBlocks,func_72901_a
setActivePlayerChunksAndCheckLight,func_72903_x
checkChunksExist,func_72904_c
getSeed,func_72905_C
checkSessionLock,func_72906_B
countEntities,func_72907_a
playSoundEffect,func_72908_a
getLoadedEntityList,func_72910_y
isThundering,func_72911_I
getWorldInfo,func_72912_H
addWorldInfoToCrashReport,func_72914_a
setLightValue,func_72915_b
chunkExists,func_72916_c
checkNoEntityCollision,func_72917_a
handleMaterialAcceleration,func_72918_a
getHorizon,func_72919_O
getPendingBlockUpdates,func_72920_a
setBlockMetadataWithNotify,func_72921_c
onEntityAdded,func_72923_a
getPlayerEntityByName,func_72924_a
getSkyBlockTypeBrightness,func_72925_a
playAuxSFX,func_72926_e
getCelestialAngleRadians,func_72929_e
rayTraceBlocks,func_72933_a
playRecord,func_72934_a
isDaytime,func_72935_r
canBlockSeeTheSky,func_72937_j
getChunkFromBlockCoords,func_72938_d
updateEntities,func_72939_s
getActualHeight,func_72940_L
addWeatherEffect,func_72942_c
loadItemData,func_72943_a
getCollidingBoundingBoxes,func_72945_a
calculateInitialWeather,func_72947_a
getFogColor,func_72948_g
setSpawnLocation,func_72950_A
canLightningStrikeAt,func_72951_B
isAnyLiquid,func_72953_d
addWorldAccess,func_72954_a
tickUpdates,func_72955_a
playSoundAtEntity,func_72956_a
getBlockLightValue,func_72957_l
isBlockHighHumidity,func_72958_C
getWorldChunkManager,func_72959_q
setEntityState,func_72960_a
canMineBlock,func_72962_a
initialize,func_72963_a
getChunkFromChunkCoords,func_72964_e
calculateInitialSkylight,func_72966_v
calculateSkylightSubtracted,func_72967_a
createChunkProvider,func_72970_h
getSunBrightness,func_72971_b
getSavedLightValue,func_72972_b
removePlayerEntityDangerously,func_72973_f
setSpawnLocation,func_72974_f
markBlocksDirtyVertical,func_72975_g
getHeightValue,func_72976_f
getClosestPlayer,func_72977_a
updateWeather,func_72979_l
playSound,func_72980_b
getDebugLoadedEntities,func_72981_t
removeAllEntities,func_73022_a
doPreChunk,func_73025_a
getEntityList,func_73026_a
addEntityToWorld,func_73027_a
removeEntityFromWorld,func_73028_b
doVoidFogParticles,func_73029_E
getEntitySpawnQueue,func_73030_b
invalidateBlockReceiveRegion,func_73031_a
getEntityTracker,func_73039_n
getPlayerManager,func_73040_p
flush,func_73041_k
saveLevel,func_73042_a
saveAllChunks,func_73044_a
getEntityByID,func_73045_a
createBonusChest,func_73047_i
resetRainAndThunder,func_73051_P
createSpawnPosition,func_73052_b
wakeAllPlayers,func_73053_d
getEntrancePortalLocation,func_73054_j
areAllPlayersAsleep,func_73056_e
spawnRandomCreature,func_73057_a
cancelDestroyingBlock,func_73073_c
onBlockClicked,func_73074_a
updateBlockRemoving,func_73075_a
setGameType,func_73076_a
initializeGameType,func_73077_b
activateBlockOrUseItem,func_73078_a
removeBlock,func_73079_d
setWorld,func_73080_a
getGameType,func_73081_b
uncheckedTryHarvestBlock,func_73082_a
isCreative,func_73083_d
tryHarvestBlock,func_73084_b
tryUseItem,func_73085_a
sendDemoReminder,func_73101_e
getPartialBlockDamage,func_73106_e
setPartialBlockDamage,func_73107_a
getPartialBlockZ,func_73108_d
getPartialBlockY,func_73109_c
getPartialBlockX,func_73110_b
tryStartWachingThis,func_73117_b
removeFromWatchingList,func_73118_a
informAllAssociatedPlayersOfItemDestruction,func_73119_a
isPlayerWatchingThisChunk,func_73121_d
sendLocationToAllClients,func_73122_a
removePlayerFromTracker,func_73123_c
sendEventsToPlayers,func_73125_b
makeString,func_73148_d
chunkExists,func_73149_a
saveChunks,func_73151_a
getLoadedChunkCount,func_73152_e
populate,func_73153_a
provideChunk,func_73154_d
getPossibleCreatures,func_73155_a
unloadQueuedChunks,func_73156_b
canSave,func_73157_c
loadChunk,func_73158_c
initializeNoiseField,func_73164_a
initializeNoiseField,func_73187_a
unloadChunk,func_73234_b
safeLoadChunk,func_73239_e
unloadAllChunks,func_73240_a
unloadChunksIfNotNearSpawn,func_73241_b
safeSaveChunk,func_73242_b
safeSaveExtraChunkData,func_73243_a
removePlayer,func_73252_b
getChunkLocation,func_73253_a
sendChunkUpdate,func_73254_a
addPlayer,func_73255_a
getPlayersInChunk,func_73258_b
update,func_73660_a
getPropertiesFile,func_73665_c
generateNewProperties,func_73666_a
setProperty,func_73667_a
saveProperties,func_73668_b
getIntProperty,func_73669_a
getBooleanProperty,func_73670_a
getStringProperty,func_73671_a
getBanEndDate,func_73680_d
setBanStartDate,func_73681_a
hasBanExpired,func_73682_e
getBanStartDate,func_73683_b
getBannedUsername,func_73684_a
buildBanString,func_73685_g
getBanReason,func_73686_f
setBannedBy,func_73687_a
parse,func_73688_c
setBanReason,func_73689_b
getBannedBy,func_73690_c
setBanEndDate,func_73691_b
saveToFile,func_73703_b
isBanned,func_73704_a
removeExpiredBans,func_73705_d
put,func_73706_a
loadBanList,func_73707_e
setListActive,func_73708_a
remove,func_73709_b
isListActive,func_73710_b
saveToFileWithHeader,func_73711_f
getBannedList,func_73712_c
setLoadingProgress,func_73718_a
resetProgresAndWorkingMessage,func_73719_c
displayProgressMessage,func_73720_a
resetProgressAndMessage,func_73721_b
drawVerticalLine,func_73728_b
drawTexturedModalRect,func_73729_b
drawHorizontalLine,func_73730_a
drawString,func_73731_b
drawCenteredString,func_73732_a
drawGradientRect,func_73733_a
drawRect,func_73734_a
renderBossHealth,func_73828_d
renderVignette,func_73829_a
renderGameOverlay,func_73830_a
updateTick,func_73831_a
renderInventorySlot,func_73832_a
setRecordPlayingMessage,func_73833_a
getUpdateCounter,func_73834_c
renderPumpkinBlur,func_73836_a
drawScreen,func_73863_a
mouseClicked,func_73864_a
initGui,func_73866_w_
doesGuiPauseGame,func_73868_f
keyTyped,func_73869_a
updateScreen,func_73876_c
confirmClicked,func_73878_a
rotateAndBlurSkybox,func_73968_a
addSingleplayerMultiplayerButtons,func_73969_a
drawPanorama,func_73970_b
renderSkybox,func_73971_c
addDemoButtons,func_73972_b
updateTimer,func_74275_a
getTimestampedPNGFileForDirectory,func_74290_a
getOptionFloatValue,func_74296_a
getKeyBinding,func_74297_c
getKeyDisplayString,func_74298_c
getTranslation,func_74299_a
loadOptions,func_74300_a
saveOptions,func_74303_b
setOptionFloatValue,func_74304_a
parseFloat,func_74305_a
setOptionValue,func_74306_a
getOptionOrdinalValue,func_74308_b
shouldRenderClouds,func_74309_c
checkARBOcclusion,func_74371_a
grabMouseCursor,func_74372_a
ungrabMouseCursor,func_74373_b
mouseXYChange,func_74374_c
getEnumString,func_74378_d
getEnumOptions,func_74379_a
getEnumFloat,func_74380_a
returnEnumOrdinal,func_74381_c
getEnumBoolean,func_74382_b
processReceivedPackets,func_74428_b
getSocketAddress,func_74430_c
unpressKey,func_74505_d
unPressAllKeys,func_74506_a
onTick,func_74507_a
resetKeyBindingArrayAndHash,func_74508_b
setKeyBindState,func_74510_a
setColorBuffer,func_74517_a
disableStandardItemLighting,func_74518_a
enableStandardItemLighting,func_74519_b
enableGUIStandardItemLighting,func_74520_c
setColorBuffer,func_74521_a
deleteDisplayLists,func_74523_b
createDirectByteBuffer,func_74524_c
deleteTexturesAndDisplayLists,func_74525_a
generateDisplayLists,func_74526_a
createDirectIntBuffer,func_74527_f
createDirectFloatBuffer,func_74529_h
formatString,func_74535_a
getChatLineID,func_74539_c
getUpdatedCounter,func_74540_b
updateRenderInfo,func_74583_a
projectViewFromEntity,func_74585_b
getId,func_74732_a
write,func_74734_a
load,func_74735_a
copy,func_74737_b
appendTag,func_74742_a
removeTag,func_74744_a
tagCount,func_74745_c
setBoolean,func_74757_a
getIntArray,func_74759_k
getFloat,func_74760_g
getInteger,func_74762_e
getLong,func_74763_f
hasKey,func_74764_b
getShort,func_74765_d
getBoolean,func_74767_n
setInteger,func_74768_a
getDouble,func_74769_h
getByteArray,func_74770_j
getByte,func_74771_c
setLong,func_74772_a
setByteArray,func_74773_a
setByte,func_74774_a
getCompoundTag,func_74775_l
setFloat,func_74776_a
setShort,func_74777_a
setString,func_74778_a
getString,func_74779_i
setDouble,func_74780_a
getTag,func_74781_a
setTag,func_74782_a
setIntArray,func_74783_a
decompress,func_74792_a
safeWrite,func_74793_a
read,func_74794_a
write,func_74795_b
readCompressed,func_74796_a
read,func_74797_a
compress,func_74798_a
writeCompressed,func_74799_a
write,func_74800_a
translateKeyFormat,func_74803_a
translateKey,func_74805_b
getInstance,func_74808_a
translateToLocalFormatted,func_74837_a
translateToLocal,func_74838_a
getErrorOjbects,func_74844_a
isLiquidInStructureBoundingBox,func_74860_a
buildComponent,func_74861_a
getYWithOffset,func_74862_a
getXWithOffset,func_74865_a
generateStructureDispenserContents,func_74869_a
clearCurrentPositionBlocksUpwards,func_74871_b
getZWithOffset,func_74873_b
getBoundingBox,func_74874_b
addComponentParts,func_74875_a
getComponentType,func_74877_c
fillWithAir,func_74878_a
generateStructureChestContents,func_74879_a
placeDoorAtCurrentPosition,func_74881_a
fillWithRandomizedBlocks,func_74882_a
findIntersecting,func_74883_a
getVillagerType,func_74888_b
getAverageGroundLevel,func_74889_b
getNextComponentNN,func_74891_a
spawnVillagers,func_74893_a
getNextComponentPP,func_74894_b
canVillageGoDeeper,func_74895_a
getWorldChunkManager,func_74925_d
findValidPlacement,func_74950_a
findValidPlacement,func_74951_a
findValidPlacement,func_74954_a
getNextComponent,func_74959_a
getTotalWeight,func_74960_a
getNextComponentX,func_74961_b
getNextComponent,func_74962_a
getNextComponentNormal,func_74963_a
isAboveGround,func_74964_a
getNextComponentZ,func_74965_c
createValidComponent,func_74966_a
createValidComponent,func_74973_a
createValidComponent,func_74974_a
createValidComponent,func_74975_a
createValidComponent,func_74977_a
createValidComponent,func_74978_a
createValidComponent,func_74979_a
createValidComponent,func_74980_a
createValidComponent,func_74981_a
createValidComponent,func_74982_a
createValidComponent,func_74983_a
createValidComponent,func_74984_a
createValidComponent,func_74985_a
getNextComponentNormal,func_74986_a
getNextComponentZ,func_74987_c
getRandomDoor,func_74988_a
getNextComponentX,func_74989_b
placeDoor,func_74990_a
canStrongholdGoDeeper,func_74991_a
findValidPlacement,func_74994_a
findValidPlacement,func_75000_a
findValidPlacement,func_75004_a
findValidPlacement,func_75006_a
findValidPlacement,func_75010_a
findValidPlacement,func_75012_a
findValidPlacement,func_75016_a
findValidPlacement,func_75018_a
getStrongholdStairsComponent,func_75022_a
findValidPlacement,func_75028_a
canSpawnStructureAtCoords,func_75047_a
hasStructureAt,func_75048_a
getStructureStart,func_75049_b
generateStructuresInChunk,func_75051_a
getCoordList,func_75052_o_
getSpawnList,func_75059_a
selectBlocks,func_75062_a
getSelectedBlockMetaData,func_75064_b
markAvailableHeight,func_75067_a
generateStructure,func_75068_a
isSizeableStructure,func_75069_d
setRandomHeight,func_75070_a
getBoundingBox,func_75071_a
updateBoundingBox,func_75072_c
getComponents,func_75073_b
getNextVillageStructureComponent,func_75077_d
getNextStructureComponent,func_75078_a
getNextComponentVillagePath,func_75080_e
getNextVillageComponent,func_75081_c
getNextStructureComponentVillagePath,func_75082_b
getStructureVillageWeightedPieceList,func_75084_a
canSpawnMoreVillagePiecesOfType,func_75085_a
canSpawnMoreVillagePieces,func_75086_a
writeCapabilitiesToNBT,func_75091_a
setFlySpeed,func_75092_a
getFlySpeed,func_75093_a
getWalkSpeed,func_75094_b
readCapabilitiesFromNBT,func_75095_b
readNBT,func_75112_a
addExhaustion,func_75113_a
setFoodLevel,func_75114_a
getSaturationLevel,func_75115_e
getFoodLevel,func_75116_a
writeNBT,func_75117_b
onUpdate,func_75118_a
setFoodSaturationLevel,func_75119_b
getPrevFoodLevel,func_75120_b
needFood,func_75121_c
addStats,func_75122_a
setPlayerIsPresent,func_75128_a
isPlayerNotUsingContainer,func_75129_b
onCraftMatrixChanged,func_75130_a
putStacksInSlots,func_75131_a
addCraftingToCrafters,func_75132_a
retrySlotClick,func_75133_b
onContainerClosed,func_75134_a
mergeItemStack,func_75135_a
getNextTransactionID,func_75136_a
updateProgressBar,func_75137_b
getInventory,func_75138_a
getSlot,func_75139_a
enchantItem,func_75140_a
putStackInSlot,func_75141_a
detectAndSendChanges,func_75142_b
slotClick,func_75144_a
canInteractWith,func_75145_c
addSlotToContainer,func_75146_a
getSlotFromInventory,func_75147_a
getMerchantInventory,func_75174_d
setCurrentRecipeIndex,func_75175_c
canSpawnMoreStructuresOfType,func_75189_a
canSpawnMoreStructures,func_75190_a
getNextValidComponentAccess,func_75195_a
getNextValidComponent,func_75196_c
getStrongholdStones,func_75197_b
prepareStructurePieces,func_75198_a
setComponentType,func_75199_a
getStrongholdComponentFromWeightedPiece,func_75200_a
getNextComponent,func_75201_b
canAddStructurePieces,func_75202_c
onCrafting,func_75208_c
decrStackSize,func_75209_a
onCrafting,func_75210_a
getStack,func_75211_c
getBackgroundIconIndex,func_75212_b
isItemValid,func_75214_a
putStack,func_75215_d
getHasStack,func_75216_d
isSlotInInventory,func_75217_a
onSlotChanged,func_75218_e
getSlotStackLimit,func_75219_a
onSlotChange,func_75220_a
canHoldPotion,func_75243_a_
updateTask,func_75246_d
getMutexBits,func_75247_h
setMutexBits,func_75248_a
startExecuting,func_75249_e
shouldExecute,func_75250_a
resetTask,func_75251_c
isInterruptible,func_75252_g
continueExecuting,func_75253_b
setSitting,func_75270_a
isRunning,func_75277_f
canEasilyReach,func_75295_a
isSuitableTarget,func_75296_a
findPossibleShelter,func_75366_f
hasPlayerGotBoneInHand,func_75382_a
spawnBaby,func_75388_i
getNearbyMate,func_75389_f
checkSufficientDoorsPresentForNewVillager,func_75446_f
giveBirth,func_75447_i
findRandomTargetBlockAwayFrom,func_75461_b
findRandomTargetBlock,func_75462_c
findRandomTarget,func_75463_a
findRandomTargetBlockTowards,func_75464_a
resetDoorOpeningRestrictionCounter,func_75466_d
isInside,func_75467_a
getDoorOpeningRestrictionCounter,func_75468_f
getInsideDistanceSquare,func_75469_c
incrementDoorOpeningRestrictionCounter,func_75470_e
getInsidePosX,func_75471_a
getInsidePosZ,func_75472_c
getInsidePosY,func_75473_b
getDistanceSquared,func_75474_b
isSafeToStandAt,func_75483_a
setPath,func_75484_a
canNavigate,func_75485_k
getAvoidsWater,func_75486_a
removeSunnyPath,func_75487_m
getPathToXYZ,func_75488_a
setSpeed,func_75489_a
setEnterDoors,func_75490_c
setAvoidsWater,func_75491_a
tryMoveToXYZ,func_75492_a
isDirectPathBetweenPoints,func_75493_a
getPathToEntityLiving,func_75494_a
setCanSwim,func_75495_e
isPositionClear,func_75496_b
tryMoveToEntityLiving,func_75497_a
setBreakDoors,func_75498_b
clearPathEntity,func_75499_g
noPath,func_75500_f
onUpdateNavigation,func_75501_e
getEntityPosition,func_75502_i
getPathableYPos,func_75503_j
setAvoidSun,func_75504_d
getPath,func_75505_d
isInLiquid,func_75506_l
getCanBreakDoors,func_75507_c
pathFollow,func_75508_h
canSee,func_75522_a
clearSensingCache,func_75523_a
tick,func_75528_a
spawnZombie,func_75530_c
getVillageList,func_75540_b
isWoodenDoorAt,func_75541_e
addDoorToNewListIfAppropriate,func_75542_c
dropOldestVillagerPosition,func_75543_d
tick,func_75544_a
addNewDoorsToVillageOrCreateVillage,func_75545_e
addUnassignedWoodenDoorsAroundToNewDoorsList,func_75546_a
getVillageDoorAt,func_75547_b
isVillagerPositionPresent,func_75548_d
removeAnnihilatedVillages,func_75549_c
findNearestVillage,func_75550_a
addVillagerPosition,func_75551_a
removeDeadAndOutOfRangeDoors,func_75557_k
getVillageDoorInfoList,func_75558_f
tryGetIronGolemSpawningLocation,func_75559_a
tick,func_75560_a
getTicksSinceLastDoorAdding,func_75561_d
getNumVillagers,func_75562_e
isValidIronGolemSpawningLocation,func_75563_b
findNearestDoor,func_75564_b
removeDeadAndOldAgressors,func_75565_j
isAnnihilated,func_75566_g
getNumVillageDoors,func_75567_c
getVillageRadius,func_75568_b
findNearestDoorUnrestricted,func_75569_c
isInRange,func_75570_a
findNearestVillageAggressor,func_75571_b
updateNumVillagers,func_75572_i
updateVillageRadiusAndCenter,func_75573_l
isBlockDoor,func_75574_f
addOrRenewAgressor,func_75575_a
addVillageDoorInfo,func_75576_a
getCenter,func_75577_a
getVillageDoorAt,func_75578_e
updateNumIronGolems,func_75579_h
getCreatureClass,func_75598_a
getPeacefulCreature,func_75599_d
getCreatureMaterial,func_75600_c
getMaxNumberOfCreature,func_75601_b
addMapping,func_75614_a
createEntityFromNBT,func_75615_a
createEntityByID,func_75616_a
getStringFromID,func_75617_a
addMapping,func_75618_a
getEntityID,func_75619_a
createEntityByName,func_75620_a
getEntityString,func_75621_b
multiplyBy32AndRound,func_75630_a
getSpeed,func_75638_b
limitAngle,func_75639_a
isUpdating,func_75640_a
onUpdateMoveHelper,func_75641_c
setMoveTo,func_75642_a
onUpdateLook,func_75649_a
setLookPosition,func_75650_a
setLookPositionWithEntity,func_75651_a
updateRotation,func_75652_a
setJumping,func_75660_a
doJump,func_75661_b
getObject,func_75669_b
isWatched,func_75670_d
setWatched,func_75671_a
getDataValueId,func_75672_a
setObject,func_75673_a
getObjectType,func_75674_c
getWatchableObjectInt,func_75679_c
getWatchableObjectString,func_75681_e
addObject,func_75682_a
getWatchableObjectByte,func_75683_a
hasChanges,func_75684_a
getAllWatched,func_75685_c
updateWatchedObjectsFromList,func_75687_a
getChanged,func_75688_b
getWatchedObject,func_75691_i
updateObject,func_75692_b
getWatchableObjectShort,func_75693_b
waitForFinish,func_75734_a
queueIO,func_75735_a
processQueue,func_75736_b
loadData,func_75742_a
getUniqueDataId,func_75743_a
saveAllData,func_75744_a
setData,func_75745_a
loadIdCounts,func_75746_b
saveData,func_75747_a
readPlayerData,func_75752_b
writePlayerData,func_75753_a
getAvailablePlayerDat,func_75754_f
saveWorldInfoWithPlayer,func_75755_a
getSaveHandler,func_75756_e
loadWorldInfo,func_75757_d
getMapFileFromName,func_75758_b
flush,func_75759_a
getWorldDirectoryName,func_75760_g
saveWorldInfo,func_75761_a
checkSessionLock,func_75762_c
getChunkLoader,func_75763_a
getPlayerData,func_75764_a
getWorldDirectory,func_75765_b
setSessionLock,func_75766_h
canContinue,func_75773_a
onUpdateTasks,func_75774_a
canUse,func_75775_b
addTask,func_75776_a
areTasksCompatible,func_75777_a
getCheatsEnabled,func_75783_h
getLastTimePlayed,func_75784_e
requiresConversion,func_75785_d
getFileName,func_75786_a
getDisplayName,func_75788_b
isHardcoreModeEnabled,func_75789_g
getEnumGameType,func_75790_f
getSaveList,func_75799_b
flushCache,func_75800_d
isOldMapFormat,func_75801_b
deleteWorldDirectory,func_75802_e
getWorldInfo,func_75803_c
getSaveLoader,func_75804_a
convertMapFormat,func_75805_a
renameWorld,func_75806_a
deleteFiles,func_75807_a
createFile,func_75809_f
addRegionFilesToCollection,func_75810_a
convertChunks,func_75811_a
getSaveVersion,func_75812_c
convertFile,func_75813_a
writeNextIO,func_75814_c
loadChunk,func_75815_a
saveChunk,func_75816_a
chunkTick,func_75817_a
saveExtraData,func_75818_b
saveExtraChunkData,func_75819_b
writeChunkToNBT,func_75820_a
writeChunkNBTTags,func_75821_a
checkedReadChunkFromNBT,func_75822_a
readChunkFromNBT,func_75823_a
addChunkToPending,func_75824_a
distanceTo,func_75829_a
makeHash,func_75830_a
isAssigned,func_75831_a
distanceToSquared,func_75832_b
format,func_75843_a
dequeue,func_75844_c
isPathEmpty,func_75845_e
sortForward,func_75846_b
sortBack,func_75847_a
clearPath,func_75848_a
addPoint,func_75849_a
changeDistance,func_75850_a
createEntityPath,func_75853_a
openPoint,func_75854_a
getVerticalOffset,func_75855_a
createEntityPathTo,func_75856_a
createEntityPathTo,func_75857_a
getSafePoint,func_75858_a
createEntityPathTo,func_75859_a
findPathOptions,func_75860_b
addToPath,func_75861_a
getFinalPathPoint,func_75870_c
setCurrentPathLength,func_75871_b
setCurrentPathIndex,func_75872_c
getCurrentPathIndex,func_75873_e
getCurrentPathLength,func_75874_d
incrementPathIndex,func_75875_a
isSamePath,func_75876_a
getPathPointFromIndex,func_75877_a
getPosition,func_75878_a
isFinished,func_75879_b
isDestinationSame,func_75880_b
getVectorFromIndex,func_75881_a
cipherOperation,func_75885_a
createTheCipherInstance,func_75886_a
decryptSharedKey,func_75887_a
decryptData,func_75889_b
createNewSharedKey,func_75890_a
createNewKeyPair,func_75891_b
digestOperation,func_75893_a
encryptData,func_75894_a
getServerIdHash,func_75895_a
decodePublicKey,func_75896_a
initializeAllBiomeGenerators,func_75901_a
nextInt,func_75902_a
initChunkSeed,func_75903_a
getInts,func_75904_a
initWorldGenSeed,func_75905_a
magnify,func_75915_a
initCraftableStats,func_75918_d
replaceAllSimilarBlocks,func_75924_a
initStats,func_75925_c
getNumberFormat,func_75965_j
initIndependentStat,func_75966_h
isAchievement,func_75967_d
getDecimalFormat,func_75969_k
registerStat,func_75971_g
getSpecial,func_75984_f
setSpecial,func_75987_b
setStatStringFormatter,func_75988_a
getDescription,func_75989_e
init,func_75997_a
getValue,func_76030_b
getHash,func_76031_a
removeEntry,func_76036_e
containsItem,func_76037_b
addKey,func_76038_a
insert,func_76040_a
lookup,func_76041_a
getHash,func_76042_f
getSlotIndex,func_76043_a
computeHash,func_76044_g
lookupEntry,func_76045_c
clearMap,func_76046_c
grow,func_76047_h
copyTo,func_76048_a
removeObject,func_76049_d
setSpawnY,func_76056_b
getLastTimePlayed,func_76057_l
setSpawnX,func_76058_a
isRaining,func_76059_o
setGameType,func_76060_a
isThundering,func_76061_m
setWorldName,func_76062_a
getSeed,func_76063_b
updateTagCompound,func_76064_a
getWorldName,func_76065_j
getNBTTagCompound,func_76066_a
getTerrainType,func_76067_t
setWorldTime,func_76068_b
setThundering,func_76069_a
isInitialized,func_76070_v
getThunderTime,func_76071_n
getPlayerNBTTagCompound,func_76072_h
getWorldTime,func_76073_f
getSpawnZ,func_76074_e
getSpawnY,func_76075_d
getVanillaDimension,func_76076_i
getGameType,func_76077_q
setSaveVersion,func_76078_e
getSpawnX,func_76079_c
setRainTime,func_76080_g
setSpawnPosition,func_76081_a
cloneNBTCompound,func_76082_a
getRainTime,func_76083_p
setRaining,func_76084_b
setTerrainType,func_76085_a
areCommandsAllowed,func_76086_u
setSpawnZ,func_76087_c
getSaveVersion,func_76088_k
isMapFeaturesEnabled,func_76089_r
setThunderTime,func_76090_f
setServerInitialized,func_76091_d
getSizeOnDisk,func_76092_g
isHardcoreModeEnabled,func_76093_s
ceiling_float_int,func_76123_f
floor_double_long,func_76124_d
clamp_int,func_76125_a
sin,func_76126_a
average,func_76127_a
floor_double,func_76128_c
sqrt_float,func_76129_c
abs_int,func_76130_a
clamp_float,func_76131_a
abs_max,func_76132_a
sqrt_double,func_76133_a
cos,func_76134_b
abs,func_76135_e
getRandomIntegerInRange,func_76136_a
bucketInt,func_76137_a
wrapAngleTo180_double,func_76138_g
stringNullOrLengthZero,func_76139_a
truncateDoubleToInt,func_76140_b
floor_float,func_76141_d
wrapAngleTo180_float,func_76142_g
ceiling_double_int,func_76143_f
getValue,func_76145_b
getKey,func_76146_a
getHashCode,func_76151_f
removeKey,func_76152_e
resizeTable,func_76153_b
copyHashTableTo,func_76154_a
getHashedKey,func_76155_g
createKey,func_76156_a
hash,func_76157_a
getHashIndex,func_76158_a
remove,func_76159_d
getEntry,func_76160_c
containsItem,func_76161_b
getNumHashElements,func_76162_a
add,func_76163_a
getValueByKey,func_76164_a
buildPostString,func_76179_a
readFromNBT,func_76184_a
markDirty,func_76185_a
setDirty,func_76186_a
writeToNBT,func_76187_b
isDirty,func_76188_b
updateVisiblePlayers,func_76191_a
updateMPMapData,func_76192_a
getUpdatePacketData,func_76193_a
setColumnDirty,func_76194_a
getPlayersOnMap,func_76204_a
getCanBurn,func_76217_h
isOpaque,func_76218_k
setNoPushMobility,func_76219_n
isSolid,func_76220_a
setRequiresTool,func_76221_f
isReplaceable,func_76222_j
setTranslucent,func_76223_p
isLiquid,func_76224_d
setImmovableMobility,func_76225_o
setBurning,func_76226_g
getMaterialMobility,func_76227_m
getCanBlockGrass,func_76228_b
isToolNotRequired,func_76229_l
blocksMovement,func_76230_c
setReplaceable,func_76231_i
getRandomItem,func_76269_a
getTotalWeight,func_76270_a
getRandomItem,func_76271_a
getTotalWeight,func_76272_a
getRandomItem,func_76273_a
getRandomItem,func_76274_a
generateChestContents,func_76293_a
generateNoiseOctaves,func_76304_a
generateNoiseOctaves,func_76305_a
populateNoiseArray,func_76308_a
grad,func_76310_a
lerp,func_76311_b
onInventoryChanged,func_76316_a
clearProfiling,func_76317_a
endStartSection,func_76318_c
endSection,func_76319_b
startSection,func_76320_a
getProfilingData,func_76321_b
getNameOfLastSection,func_76322_c
smooth,func_76333_a
ticksToElapsedTime,func_76337_a
stripControlCodes,func_76338_a
getSecond,func_76340_b
getFirst,func_76341_a
getHungerDamage,func_76345_d
getEntity,func_76346_g
isFireDamage,func_76347_k
setDamageBypassesArmor,func_76348_h
setProjectile,func_76349_b
isDifficultyScaled,func_76350_n
setDifficultyScaled,func_76351_m
isProjectile,func_76352_a
causeArrowDamage,func_76353_a
causeIndirectMagicDamage,func_76354_b
getDamageType,func_76355_l
causeThrownDamage,func_76356_a
canHarmInCreative,func_76357_e
causeMobDamage,func_76358_a
setDamageAllowedInCreativeMode,func_76359_i
setFireDamage,func_76361_j
causeFireballDamage,func_76362_a
isUnblockable,func_76363_c
getSourceOfDamage,func_76364_f
causePlayerDamage,func_76365_a
getEffectiveness,func_76388_g
getDurationString,func_76389_a
setPotionName,func_76390_b
getStatusIconIndex,func_76392_e
getName,func_76393_a
performEffect,func_76394_a
isUsable,func_76395_i
getId,func_76396_c
isReady,func_76397_a
isBadEffect,func_76398_f
setIconIndex,func_76399_b
hasStatusIcon,func_76400_d
getLiquidColor,func_76401_j
affectEntity,func_76402_a
isInstant,func_76403_b
setEffectiveness,func_76404_a
getIntCache,func_76445_a
resetIntCache,func_76446_a
combine,func_76452_a
getEffectName,func_76453_d
deincrementDuration,func_76454_e
onUpdate,func_76455_a
getPotionID,func_76456_a
performEffect,func_76457_b
getAmplifier,func_76458_c
getDuration,func_76459_b
startSnooper,func_76463_a
addBaseDataToSnooper,func_76464_f
getCurrentStats,func_76465_c
getSelfCounterFor,func_76466_d
addJvmArgsToSnooper,func_76467_g
isSnooperRunning,func_76468_d
getDataMapFor,func_76469_c
stopSnooper,func_76470_e
addMemoryStatsToSnooper,func_76471_b
addData,func_76472_a
getStatsCollectorFor,func_76473_a
getSyncLockFor,func_76474_b
getServerUrlFor,func_76475_e
generate,func_76484_a
setScale,func_76487_a
generateLeafNodeList,func_76489_a
layerSize,func_76490_a
generateLeafNode,func_76491_a
leafNodeNeedsBase,func_76493_c
generateLeafNodeBases,func_76494_d
leafSize,func_76495_b
checkBlockLine,func_76496_a
validTreeLocation,func_76497_e
generateLeaves,func_76498_b
generateTrunk,func_76499_c
growVines,func_76529_b
generateVines,func_76536_b
pickMobSpawner,func_76543_b
getChunkInputStream,func_76549_c
createOrLoadRegionFile,func_76550_a
clearRegionFileReferences,func_76551_a
getChunkOutputStream,func_76552_d
getEntrancePortalLocation,func_76554_h
createChunkGenerator,func_76555_c
generateLightBrightnessTable,func_76556_a
getAverageGroundLevel,func_76557_i
registerWorld,func_76558_a
getMoonPhase,func_76559_b
calcSunriseSunsetColors,func_76560_a
isSkyColored,func_76561_g
getFogColor,func_76562_b
calculateCelestialAngle,func_76563_a
getWorldHasVoidParticles,func_76564_j
getVoidFogYFactor,func_76565_k
canCoordinateBeSpawn,func_76566_a
canRespawnHere,func_76567_e
doesXZShowFog,func_76568_b
isSurfaceWorld,func_76569_d
getProviderForDimension,func_76570_a
getCloudHeight,func_76571_f
registerWorldChunkManager,func_76572_b
set,func_76581_a
get,func_76582_a
getBlockStorageArray,func_76587_i
getEntitiesWithinAABBForEntity,func_76588_a
setBlockMetadata,func_76589_b
generateHeightMap,func_76590_a
getBiomeGenForWorldCoords,func_76591_a
enqueueRelightChecks,func_76594_o
propagateSkylightOcclusion,func_76595_e
checkSkylightNeighborHeight,func_76599_g
isAtLocation,func_76600_a
needsSaving,func_76601_a
setStorageArrays,func_76602_a
generateSkylightMap,func_76603_b
getBiomeArray,func_76605_m
getAreLevelsEmpty,func_76606_c
fillChunk,func_76607_a
removeEntityAtIndex,func_76608_a
updateSkylightNeighborHeight,func_76609_d
getHeightValue,func_76611_b
addEntity,func_76612_a
resetRelightChecks,func_76613_n
getSavedLightValue,func_76614_a
relightBlock,func_76615_h
setBiomeArray,func_76616_a
getRandomWithSeed,func_76617_a
getEntitiesOfTypeWithinAAAB,func_76618_a
canBlockSeeTheSky,func_76619_d
isEmpty,func_76621_g
removeEntity,func_76622_b
onChunkUnload,func_76623_d
populateChunk,func_76624_a
getTopFilledSegment,func_76625_h
getPrecipitationHeight,func_76626_d
getBlockMetadata,func_76628_c
getBlockLightValue,func_76629_c
setChunkModified,func_76630_e
onChunkLoad,func_76631_c
getChunkCoordIntPair,func_76632_l
setLightValue,func_76633_a
setExtBlockMetadata,func_76654_b
setExtSkylightValue,func_76657_c
getBlockLSBArray,func_76658_g
setBlocklightArray,func_76659_c
getBlockMSBArray,func_76660_i
getBlocklightArray,func_76661_k
getYLocation,func_76662_d
isEmpty,func_76663_a
setBlockLSBArray,func_76664_a
getExtBlockMetadata,func_76665_b
setSkylightArray,func_76666_d
createBlockMSBArray,func_76667_m
setBlockMetadataArray,func_76668_b
getMetadataArray,func_76669_j
getExtSkylightValue,func_76670_c
getSkylightArray,func_76671_l
removeInvalidBlocks,func_76672_e
setBlockMSBArray,func_76673_a
getExtBlocklightValue,func_76674_d
getNeedsRandomTick,func_76675_b
clearMSBArray,func_76676_h
setExtBlocklightValue,func_76677_d
get,func_76686_a
convertToAnvilFormat,func_76690_a
load,func_76691_a
getChunkDataInputStream,func_76704_a
outOfBounds,func_76705_d
write,func_76706_a
getOffset,func_76707_e
close,func_76708_c
isChunkSaved,func_76709_c
getChunkDataOutputStream,func_76710_b
setOffset,func_76711_a
write,func_76712_a
setChunkTimestamp,func_76713_b
getFloatRainfall,func_76727_i
decorate,func_76728_a
createBiomeDecorator,func_76729_a
getRandomWorldGenForGrass,func_76730_b
getSkyColorByTemp,func_76731_a
setTemperatureRainfall,func_76732_a
setBiomeName,func_76735_a
isHighHumidity,func_76736_e
canSpawnLightningBolt,func_76738_d
setColor,func_76739_b
getSpawningChance,func_76741_f
setEnableSnow,func_76742_b
getIntRainfall,func_76744_g
setDisableRain,func_76745_m
getEnableSnow,func_76746_c
getSpawnableList,func_76747_a
genStandardOre2,func_76793_b
genStandardOre1,func_76795_a
generateOres,func_76797_b
getChunkManager,func_76836_a
getBiomeGenAt,func_76837_b
cleanupCache,func_76838_a
getCachedBiomes,func_76839_e
getBiomeCacheBlock,func_76840_a
getBiomeGenAt,func_76885_a
getBiomeGenAt,func_76931_a
getBiomesToSpawnIn,func_76932_a
loadBlockGeneratorData,func_76933_b
getBiomeGenAt,func_76935_a
getRainfall,func_76936_a
getBiomesForGeneration,func_76937_a
cleanupCache,func_76938_b
getTemperatureAtHeight,func_76939_a
areBiomesViable,func_76940_a
renderShadow,func_76975_c
setRenderManager,func_76976_a
renderEntityOnFire,func_76977_a
renderOffsetAABB,func_76978_a
doRenderShadowAndFire,func_76979_b
renderAABB,func_76980_a
getWorldFromRenderManager,func_76982_b
getFontRendererFromRenderManager,func_76983_a
doRender,func_76986_a
renderItemIntoGUI,func_77015_a
renderQuad,func_77017_a
renderGlint,func_77018_a
renderDroppedItem,func_77020_a
renderItemOverlayIntoGUI,func_77021_b
renderEquippedItems,func_77029_c
getColorMultiplier,func_77030_a
shouldRenderPass,func_77032_a
passSpecialRender,func_77033_b
interpolateRotation,func_77034_a
inheritRenderPass,func_77035_b
renderModel,func_77036_a
getDeathMaxRotation,func_77037_a
renderLivingAt,func_77039_a
renderSwingProgress,func_77040_d
preRenderCallback,func_77041_b
setRenderPassModel,func_77042_a
rotateCorpse,func_77043_a
handleRotationFloat,func_77044_a
setCanBeCreated,func_77124_a
isVersioned,func_77125_e
getCanBeCreated,func_77126_d
getWorldTypeName,func_77127_a
getTranslateName,func_77128_b
setVersioned,func_77129_f
parseWorldType,func_77130_a
getGeneratorVersion,func_77131_c
getWorldTypeForGeneratorVersion,func_77132_a
getByName,func_77142_a
isSurvivalOrAdventure,func_77144_e
isCreative,func_77145_d
getByID,func_77146_a
configurePlayerCapabilities,func_77147_a
getID,func_77148_a
getName,func_77149_b
getHardcoreEnabled,func_77158_f
enableBonusChest,func_77159_a
getSeed,func_77160_d
getGameTypeById,func_77161_a
getGameType,func_77162_e
areCommandsAllowed,func_77163_i
isMapFeaturesEnabled,func_77164_g
getTerrainType,func_77165_h
enableCommands,func_77166_b
isBonusChestEnabled,func_77167_c
setScheduledTime,func_77176_a
placeInExistingPortal,func_77184_b
placeInPortal,func_77185_a
canCreatureTypeSpawnAtLocation,func_77190_a
performWorldGenSpawning,func_77191_a
findChunksForSpawning,func_77192_a
readRecipiesFromTags,func_77201_a
getRecipiesAsTags,func_77202_a
canRecipeBeUsed,func_77203_a
addToListWithCheck,func_77205_a
chunkXZ2Int,func_77272_a
getCenterXPos,func_77273_a
getCenterZPosition,func_77274_b
doExplosionA,func_77278_a
doExplosionB,func_77279_a
getTranslatedName,func_77316_c
getMaxEnchantability,func_77317_b
calcModifierDamage,func_77318_a
getMinLevel,func_77319_d
getName,func_77320_a
getMinEnchantability,func_77321_a
setName,func_77322_b
calcModifierLiving,func_77323_a
getWeight,func_77324_c
getMaxLevel,func_77325_b
canApplyTogether,func_77326_a
readFromTags,func_77390_a
hasSameItemsAs,func_77391_b
hasSameIDsAs,func_77393_a
getItemToBuy,func_77394_a
writeToTags,func_77395_g
getSecondItemToBuy,func_77396_b
getItemToSell,func_77397_d
hasSecondItemToBuy,func_77398_c
incrementToolUses,func_77399_f
canUnlockAchievement,func_77442_b
hasAchievementUnlocked,func_77443_a
writeStat,func_77444_a
getFoliageColorPine,func_77466_a
setFoliageBiomeColorizer,func_77467_a
getFoliageColorBasic,func_77468_c
getFoliageColorBirch,func_77469_b
getFoliageColor,func_77470_a
setClientActiveTexture,func_77472_b
setActiveTexture,func_77473_a
initializeTextures,func_77474_a
setLightmapTextureCoords,func_77475_a
setGrassBiomeColorizer,func_77479_a
getGrassColor,func_77480_a
getServerMotd,func_77487_a
getServerIpPort,func_77488_b
updateLastSeen,func_77489_c
calculateModifier,func_77493_a
getRespiration,func_77501_a
getSilkTouchModifier,func_77502_d
addRandomEnchantment,func_77504_a
mapEnchantmentData,func_77505_b
getEnchantmentLevel,func_77506_a
getKnockbackModifier,func_77507_b
getEnchantmentModifierDamage,func_77508_a
getEfficiencyModifier,func_77509_b
getAquaAffinityModifier,func_77510_g
getMaxEnchantmentLevel,func_77511_a
getEnchantmentModifierLiving,func_77512_a
buildEnchantmentList,func_77513_b
calcItemStackEnchantability,func_77514_a
applyEnchantmentModifierArray,func_77516_a
getFortuneModifier,func_77517_e
applyEnchantmentModifier,func_77518_a
getLootingModifier,func_77519_f
getAdFromPingResponse,func_77523_b
getMotdFromPingResponse,func_77524_a
getPingResponse,func_77525_a
setWasNotUpdated,func_77552_b
getWasUpdated,func_77553_a
getLanServers,func_77554_c
canEnchantItem,func_77557_a
matches,func_77569_a
getRecipeSize,func_77570_a
getRecipeOutput,func_77571_b
getCraftingResult,func_77572_b
checkMatch,func_77573_a
addRecipes,func_77583_a
addRecipes,func_77586_a
addRecipes,func_77589_a
addRecipes,func_77590_a
getRecipeList,func_77592_b
getInstance,func_77594_a
addShapelessRecipe,func_77596_b
getSmeltingList,func_77599_b
smelting,func_77602_a
addRecipes,func_77607_a
addRecipes,func_77608_a
addRecipes,func_77609_a
getMaxDamage,func_77612_l
getRarity,func_77613_e
getHasSubtypes,func_77614_k
onPlayerStoppedUsing,func_77615_a
isItemTool,func_77616_k
getIconFromDamage,func_77617_a
getIconFromDamageForRenderPass,func_77618_c
getItemEnchantability,func_77619_b
getColorFromDamage,func_77620_a
getMovingObjectPositionFromPlayer,func_77621_a
onCreated,func_77622_d
requiresMultipleRenderPasses,func_77623_v
addInformation,func_77624_a
setMaxStackSize,func_77625_d
getMaxItemUseDuration,func_77626_a
setHasSubtypes,func_77627_a
shouldRotateAroundWhenRendering,func_77629_n_
doesContainerItemLeaveCraftingGrid,func_77630_h
setPotionEffect,func_77631_c
hasContainerItem,func_77634_r
hasEffect,func_77636_d
setCreativeTab,func_77637_a
getItemStackLimit,func_77639_j
getCreativeTab,func_77640_w
setContainerItem,func_77642_a
isMap,func_77643_m_
hitEntity,func_77644_a
isDamageable,func_77645_m
getMetadata,func_77647_b
onItemUse,func_77648_a
getIconIndex,func_77650_f
getShareTag,func_77651_p
getItemStackDisplayName,func_77653_i
onEaten,func_77654_b
setUnlocalizedName,func_77655_b
setMaxDamage,func_77656_e
getUnlocalizedNameInefficiently,func_77657_g
getUnlocalizedName,func_77658_a
onItemRightClick,func_77659_a
getItemUseAction,func_77661_b
isFull3D,func_77662_d
onUpdate,func_77663_a
setFull3D,func_77664_n
getUnlocalizedName,func_77667_c
getContainerItem,func_77668_q
validBookTagContents,func_77828_a
isSplash,func_77831_g
getEffects,func_77832_l
isEffectInstant,func_77833_h
getEffects,func_77834_f
spawnCreature,func_77840_a
getToolMaterialName,func_77842_f
setPotionEffect,func_77844_a
isWolfsFavoriteMeat,func_77845_h
setAlwaysEdible,func_77848_i
onFoodEaten,func_77849_c
getToolMaterialName,func_77861_e
updateMapData,func_77872_a
getMapData,func_77873_a
tryPlaceContainedLiquid,func_77875_a
getMaxDamageArray,func_77877_c
brewBitOperations,func_77906_a
countSetFlags,func_77907_h
isFlagSet,func_77910_c
calcPotionLiquidColor,func_77911_a
parsePotionEffects,func_77912_a
applyIngredient,func_77913_a
checkFlag,func_77914_a
isFlagUnset,func_77916_d
getPotionEffects,func_77917_b
hasTagCompound,func_77942_o
tryPlaceItemIntoWorld,func_77943_a
copyItemStack,func_77944_b
updateAnimation,func_77945_a
copy,func_77946_l
isItemEnchanted,func_77948_v
loadItemStackFromNBT,func_77949_a
onFoodEaten,func_77950_b
isItemDamaged,func_77951_h
getItemDamageForDisplay,func_77952_i
getRarity,func_77953_t
getIconIndex,func_77954_c
writeToNBT,func_77955_b
isItemEnchantable,func_77956_u
useItemRightClick,func_77957_a
getMaxDamage,func_77958_k
isItemStackEqual,func_77959_d
getItemDamage,func_77960_j
hitEntity,func_77961_a
hasEffect,func_77962_s
readFromNBT,func_77963_c
setItemDamage,func_77964_b
addEnchantment,func_77966_a
isItemEqual,func_77969_a
areItemStackTagsEqual,func_77970_a
damageItem,func_77972_a
getItem,func_77973_b
onPlayerStoppedUsing,func_77974_b
getItemUseAction,func_77975_n
getMaxStackSize,func_77976_d
getUnlocalizedName,func_77977_a
getTagCompound,func_77978_p
splitStack,func_77979_a
onCrafting,func_77980_a
getHasSubtypes,func_77981_g
setTagCompound,func_77982_d
setTagInfo,func_77983_a
isItemStackDamageable,func_77984_f
isStackable,func_77985_e
getEnchantmentTagList,func_77986_q
getMaxItemUseDuration,func_77988_m
areItemStacksEqual,func_77989_b
getEnchantability,func_77995_e
getHarvestLevel,func_77996_d
getMaxUses,func_77997_a
getEfficiencyOnProperMaterial,func_77998_b
getDamageVsEntity,func_78000_c
getTabLabel,func_78013_b
setNoTitle,func_78014_h
getBackgroundImageName,func_78015_f
getTabIconItem,func_78016_d
shouldHidePlayerInventory,func_78017_i
displayAllReleventItems,func_78018_a
drawInForegroundOfTab,func_78019_g
getTabColumn,func_78020_k
getTabIndex,func_78021_a
setNoScrollbar,func_78022_j
isTabInFirstRow,func_78023_l
getTranslatedTabLabel,func_78024_c
setBackgroundImageName,func_78025_a
getDamageReductionAmount,func_78044_b
getEnchantability,func_78045_a
getDurability,func_78046_a
getTextureOffset,func_78084_a
setTextureOffset,func_78085_a
setLivingAnimations,func_78086_a
setRotationAngles,func_78087_a
render,func_78088_a
renderEars,func_78110_b
renderCloak,func_78111_c
renderSign,func_78164_a
updateRotations,func_78214_a
renderAll,func_78231_a
flipFace,func_78235_a
draw,func_78236_a
setTexturePosition,func_78240_a
render,func_78245_a
renderStringAtPos,func_78255_a
getStringWidth,func_78256_a
loadGlyphTexture,func_78257_a
renderString,func_78258_a
sizeStringToWidth,func_78259_e
getBidiFlag,func_78260_a
drawStringWithShadow,func_78261_a
trimStringToWidth,func_78262_a
getCharWidth,func_78263_a
setUnicodeFlag,func_78264_a
resetStyles,func_78265_b
renderDefaultChar,func_78266_a
splitStringWidth,func_78267_b
renderSplitString,func_78268_b
trimStringToWidth,func_78269_a
isFormatSpecial,func_78270_c
listFormattedStringToWidth,func_78271_c
isFormatColor,func_78272_b
trimStringNewline,func_78273_d
renderStringAligned,func_78274_b
setBidiFlag,func_78275_b
drawString,func_78276_b
renderUnicodeChar,func_78277_a
renderCharAtPos,func_78278_a
drawSplitString,func_78279_b
wrapFormattedStringToWidth,func_78280_d
getFormatFromString,func_78282_e
getScaledHeight_double,func_78324_d
getScaleFactor,func_78325_e
getScaledWidth,func_78326_a
getScaledWidth_double,func_78327_c
getScaledHeight,func_78328_b
setColorRGBA_F,func_78369_a
setColorRGBA,func_78370_a
startDrawing,func_78371_b
addTranslation,func_78372_c
setTranslation,func_78373_b
addVertexWithUV,func_78374_a
setNormal,func_78375_b
setColorOpaque,func_78376_a
addVertex,func_78377_a
setColorOpaque_I,func_78378_d
reset,func_78379_d
setBrightness,func_78380_c
draw,func_78381_a
startDrawingQuads,func_78382_b
disableColor,func_78383_c
setColorRGBA_I,func_78384_a
setTextureUV,func_78385_a
setColorOpaque_F,func_78386_a
rendersChunk,func_78418_a
callLists,func_78419_a
addGLRenderList,func_78420_a
resetList,func_78421_b
setupRenderList,func_78422_a
parseUserSkin,func_78432_a
setAreaOpaque,func_78433_b
setAreaTransparent,func_78434_a
hasTransparency,func_78435_c
renderItemIn2D,func_78439_a
renderItemInFirstPerson,func_78440_a
updateEquippedItem,func_78441_a
renderFireInFirstPerson,func_78442_d
renderItem,func_78443_a
resetEquippedProgress,func_78444_b
resetEquippedProgress2,func_78445_c
renderInsideOfBlock,func_78446_a
renderOverlays,func_78447_b
renderWarpedTextureOverlay,func_78448_c
enableLightmap,func_78463_b
updateRenderer,func_78464_a
updateFogColor,func_78466_h
orientCamera,func_78467_g
setupFog,func_78468_a
setFogColorBuffer,func_78469_a
updateTorchFlicker,func_78470_f
renderWorld,func_78471_a
updateLightmap,func_78472_g
getMouseOver,func_78473_a
renderRainSnow,func_78474_d
setupViewBobbing,func_78475_f
renderHand,func_78476_b
updateFovModifierHand,func_78477_e
setupOverlayRendering,func_78478_c
setupCameraTransform,func_78479_a
updateCameraAndRender,func_78480_b
getFOVModifier,func_78481_a
hurtCameraEffect,func_78482_e
disableLightmap,func_78483_a
addRainParticles,func_78484_h
isBoundingBoxInFrustum,func_78546_a
setPosition,func_78547_a
isBoxInFrustum,func_78548_b
isBoxInFrustum,func_78553_b
getInstance,func_78558_a
normalize,func_78559_a
init,func_78560_b
getEntityRenderObject,func_78713_a
getDistanceToCamera,func_78714_a
getEntityClassRenderObject,func_78715_a
getFontRenderer,func_78716_a
set,func_78717_a
getSecondaryComponents,func_78737_b
createNextComponentRandom,func_78738_b
getPrimaryComponents,func_78739_a
createNextComponent,func_78740_a
clickBlock,func_78743_b
clickBlockCreative,func_78744_a
flipPlayer,func_78745_b
setGameType,func_78746_a
enableEverythingIsScrewedUpMode,func_78747_a
setPlayerCapabilities,func_78748_a
extendedReach,func_78749_i
syncCurrentPlayItem,func_78750_j
onPlayerDestroyBlock,func_78751_a
sendPacketDropItem,func_78752_a
windowClick,func_78753_a
shouldDrawHUD,func_78755_b
sendEnchantPacket,func_78756_a
getBlockReachDistance,func_78757_d
isInCreativeMode,func_78758_h
onPlayerDamageBlock,func_78759_c
onPlayerRightClick,func_78760_a
sendSlotPacket,func_78761_a
isNotCreative,func_78762_g
gameIsSurvivalOrAdventure,func_78763_f
attackEntity,func_78764_a
updateController,func_78765_e
onStoppedUsingItem,func_78766_c
resetBlockRemoving,func_78767_c
interactWithEntitySendPacket,func_78768_b
sendUseItem,func_78769_a
setTextureOffset,func_78784_a
render,func_78785_a
addBox,func_78786_a
setTextureSize,func_78787_b
compileDisplayList,func_78788_d
addBox,func_78789_a
addBox,func_78790_a
renderWithRotation,func_78791_b
addChild,func_78792_a
setRotationPoint,func_78793_a
postRender,func_78794_c
getNextComponent,func_78814_a
getRandomComponent,func_78815_a
getNextMineShaftComponent,func_78817_b
getNBTCompound,func_78836_a
getServerDataFromNBTCompound,func_78837_a
setAcceptsTextures,func_78838_a
addServerData,func_78849_a
getServerData,func_78850_a
removeServerData,func_78851_b
loadServerList,func_78853_a
saveServerList,func_78855_b
countServers,func_78856_c
swapServers,func_78857_a
getIP,func_78861_a
parseIntWithDefault,func_78862_a
getServerAddress,func_78863_b
getPort,func_78864_b
addBlockHitEffects,func_78867_a
updateEffects,func_78868_a
getStatistics,func_78869_b
clearEffects,func_78870_a
renderLitParticles,func_78872_b
addEffect,func_78873_a
renderParticles,func_78874_a
getCenterY,func_78879_f
getZSize,func_78880_d
getCenterX,func_78881_e
getYSize,func_78882_c
getXSize,func_78883_b
intersectsWith,func_78884_a
intersectsWith,func_78885_a
offset,func_78886_a
getNewBoundingBox,func_78887_a
expandTo,func_78888_b
getComponentToAddBoundingBox,func_78889_a
isVecInside,func_78890_b
getCenterZ,func_78891_g
updatePlayerMoveState,func_78898_a
callOcclusionQueryList,func_78904_d
setupGLTranslation,func_78905_g
skipAllRenderPasses,func_78906_e
updateInFrustum,func_78908_a
getGLCallListForPass,func_78909_a
setDontDraw,func_78910_b
stopRendering,func_78911_c
distanceToEntitySquared,func_78912_a
setPosition,func_78913_a
markDirty,func_78914_f
getPlayerUsageSnooper,func_80003_ah
getUniqueID,func_80006_f
getDimensionName,func_80007_l
getPlayerCoordinates,func_82114_b
copyDataFrom,func_82141_a
setInvisible,func_82142_c
getMaxSafePointTries,func_82143_as
getMaxInPortalTime,func_82145_z
getPortalCooldown,func_82147_ab
getTeleportDirection,func_82148_at
copyLocationAndAnglesFrom,func_82149_j
isInvisible,func_82150_aj
getArmorPosition,func_82159_b
dropEquipment,func_82160_b
getArmorItemForSlot,func_82161_a
enchantEquipment,func_82162_bC
addRandomArmor,func_82164_bB
isPotionActive,func_82165_m
getArmSwingAnimationEnd,func_82166_i
collideWithEntity,func_82167_n
updateArmSwingProgress,func_82168_bl
getCurrentArmor,func_82169_q
removePotionEffect,func_82170_o
canBeSteered,func_82171_bF
getAIControlledByPlayer,func_82183_n
setCollarColor,func_82185_r
getCollarColor,func_82186_bH
setLookingForHome,func_82187_q
adjustProbability,func_82188_j
attackEntityWithRangedAttack,func_82196_d
setAggressive,func_82197_f
getAggressive,func_82198_m
setSkeletonType,func_82201_a
getSkeletonType,func_82202_m
getWatchedTargetId,func_82203_t
isArmored,func_82205_o
setChild,func_82227_f
startConversion,func_82228_a
setVillager,func_82229_g
isConverting,func_82230_o
isVillager,func_82231_m
convertToVillager,func_82232_p
getConversionTimeBoost,func_82233_q
getIsBatHanging,func_82235_h
setIsBatHanging,func_82236_f
getHideCape,func_82238_cc
setHideCape,func_82239_b
getHideCape,func_82241_s
addExperienceLevel,func_82242_a
getArmorVisibility,func_82243_bO
displayGUIAnvil,func_82244_d
isSpawnForced,func_82245_bX
isCurrentToolAdventureModeExempt,func_82246_f
canPlayerEdit,func_82247_a
setDirection,func_82328_a
getWidthPixels,func_82329_d
getHeightPixels,func_82330_g
getRotation,func_82333_j
setDisplayedItem,func_82334_a
getDisplayedItem,func_82335_i
setItemRotation,func_82336_g
setAlphaF,func_82338_g
setPotionDamage,func_82340_a
getMotionFactor,func_82341_c
isInvulnerable,func_82342_d
setInvulnerable,func_82343_e
isCommandBlockEnabled,func_82356_Z
getSpawnProtectionSize,func_82357_ak
isUsernameIndex,func_82358_a
getPlayer,func_82359_c
getRequiredPermissionLevel,func_82362_a
parseDouble,func_82363_b
getGameRules,func_82366_d
getUsernameIndex,func_82370_a
getDistanceSquaredToChunkCoordinates,func_82371_e
getMovementDirection,func_82372_a
getDefaultMinimumLevel,func_82375_f
getDefaultMaximumLevel,func_82376_e
matchesMultiplePlayers,func_82377_a
hasArguments,func_82378_b
getDefaultMaximumRange,func_82379_d
matchPlayers,func_82380_c
getArgumentMap,func_82381_h
getDefaultCount,func_82382_g
hasTheseArguments,func_82383_a
getDefaultMinimumRange,func_82384_c
matchOnePlayer,func_82386_a
renderFrameItemAsBlock,func_82403_a
renderItemAndEffectIntoGUI,func_82406_b
renderFirstPersonArm,func_82441_a
transferEntityToWorld,func_82448_a
findPlayers,func_82449_a
dispense,func_82482_a
playDispenseSound,func_82485_a
doDispense,func_82486_a
dispenseStack,func_82487_b
spawnDispenseParticles,func_82489_a
getProjectileEntity,func_82499_a
getGeneratorOptions,func_82571_y
incrementTotalWorldTime,func_82572_b
getWorldTotalTime,func_82573_f
getGameRulesInstance,func_82574_x
getTagMap,func_82579_a
removeTag,func_82580_o
createCrashReport,func_82581_a
hasNoTags,func_82582_d
skipCache,func_82589_e
getNextFreeSpace,func_82590_d
getPoolSize,func_82591_c
getObject,func_82594_a
putObject,func_82595_a
getFrontOffsetZ,func_82599_e
getFront,func_82600_a
getFrontOffsetX,func_82601_c
getX,func_82615_a
getZ,func_82616_c
getY,func_82617_b
getWorld,func_82618_k
getBlockMetadata,func_82620_h
getZInt,func_82621_f
getYInt,func_82622_e
getXInt,func_82623_d
boostSpeed,func_82632_g
isControlledByPlayer,func_82633_h
isSpeedBoosted,func_82634_f
getWorldFeatures,func_82644_b
setBiome,func_82647_a
getBiome,func_82648_a
getDefaultFlatGenerator,func_82649_e
getFlatLayers,func_82650_c
createFlatGeneratorFromString,func_82651_a
getMinY,func_82656_d
getLayerCount,func_82657_a
getFillBlockMeta,func_82658_c
setMinY,func_82660_d
getScatteredFeatureSpawnList,func_82667_a
setDefaultPlayerReputation,func_82683_b
getReputationForPlayer,func_82684_a
isMatingSeason,func_82686_i
isPlayerReputationTooLow,func_82687_d
setReputationForPlayer,func_82688_a
writeVillageDataToNBT,func_82689_b
readVillageDataFromNBT,func_82690_a
endMatingSeason,func_82692_h
recreateStructures,func_82695_e
isEntityApplicable,func_82704_a
getAnimal,func_82705_e
setObjectWatched,func_82708_h
addObjectByDataType,func_82709_a
getWatchableObjectItemStack,func_82710_f
setWatchableObjectWatched,func_82711_a
parseDoubleWithDefault,func_82712_a
parseDoubleWithDefaultAndMax,func_82713_a
parseIntWithDefaultAndMax,func_82714_a
parseIntWithDefault,func_82715_a
getRandomDoubleInRange,func_82716_a
writeCustomPotionEffectToNBT,func_82719_a
getIsAmbient,func_82720_e
setSplashPotion,func_82721_a
readCustomPotionEffectFromNBT,func_82722_b
isMagicDamage,func_82725_o
setMagicDamage,func_82726_p
getWorldVec3Pool,func_82732_R
selectEntitiesWithinAABB,func_82733_a
getChunkHeightMapMinimum,func_82734_g
getGameRules,func_82736_K
getTotalWorldTime,func_82737_E
playBroadcastSound,func_82739_e
resetUpdateEntityTick,func_82742_i
getCreationCloudUpdateTick,func_82743_f
setCloudUpdateTick,func_82744_b
broadcastSound,func_82746_a
getWorldTypeID,func_82747_f
isAdventure,func_82752_c
setPriority,func_82753_a
getGameRuleStringValue,func_82756_a
setValue,func_82757_a
getGameRuleBooleanValue,func_82758_b
getRules,func_82763_b
setOrCreateGameRule,func_82764_b
hasRule,func_82765_e
getGameRuleBooleanValue,func_82766_b
getGameRuleStringValue,func_82767_a
readGameRulesFromNBT,func_82768_a
addGameRule,func_82769_a
writeGameRulesToNBT,func_82770_a
getEnchantments,func_82781_a
setEnchantments,func_82782_a
isRecipeDisabled,func_82784_g
findMatchingRecipe,func_82787_a
canItemEditBlocks,func_82788_x
getIsRepairable,func_82789_a
getColorFromItemStack,func_82790_a
createHangingEntity,func_82810_a
getArmorMaterial,func_82812_d
getColor,func_82814_b
removeColor,func_82815_c
hasColor,func_82816_b_
setHideAddress,func_82819_b
isHidingAddress,func_82820_d
setBossStatus,func_82824_a
renderCloudsCheck,func_82829_a
getNightVisionBrightness,func_82830_a
getDisplayName,func_82833_r
canEditBlocks,func_82835_x
getItemFrame,func_82836_z
hasDisplayName,func_82837_s
getRepairCost,func_82838_A
isOnItemFrame,func_82839_y
getTooltip,func_82840_a
setRepairCost,func_82841_c
setItemFrame,func_82842_a
transferStackInSlot,func_82846_b
removeCraftingFromCrafters,func_82847_b
updateRepairOutput,func_82848_d
getStackSizeUsedInRepair,func_82849_b
updateItemName,func_82850_a
getRepairInputInventory,func_82851_a
canTakeStack,func_82869_a
onPickupFromSlot,func_82870_a
setPlayerWalkSpeed,func_82877_b
sendSettingsToServer,func_82879_c
getUnicodeFlag,func_82883_a
getBatSize,func_82889_a
getnextPoolIndex,func_83012_d
getlistAABBsize,func_83013_c
getCurrentDate,func_83015_S
addEntityCrashInfo,func_85029_a
playSound,func_85030_a
hitByEntity,func_85031_j
isEntityInvulnerable,func_85032_ar
collideWithNearbyEntities,func_85033_bc
setArrowCountInEntity,func_85034_r
getArrowCountInEntity,func_85035_bI
setCombatTask,func_85036_m
addScore,func_85039_t
setScore,func_85040_s
getThrower,func_85052_h
searchForOtherItemsNearby,func_85054_d
makeCrashReport,func_85055_a
getCategory,func_85056_g
makeCategoryDepth,func_85057_a
makeCategory,func_85058_a
firstTwoElementsOfStackTraceMatch,func_85069_a
trimStackTraceEntriesFromBottom,func_85070_b
getLocationInfo,func_85071_a
appendToStringBuilder,func_85072_a
getPrunedStackTrace,func_85073_a
renderArrowsStuckInEntity,func_85093_e
renderDebugBoundingBox,func_85094_b
playSoundToNearExcept,func_85102_a
getThundering,func_85116_n
addToCrashReport,func_85118_a
getRainTime,func_85119_k
getGameType,func_85120_o
getSaveVersion,func_85121_j
getSpawnZCoordinate,func_85123_f
getSpawnYCoordinate,func_85124_e
getSpawnXCoordinate,func_85125_d
getRaining,func_85127_l
getMapFeaturesEnabled,func_85128_b
getWorldTime,func_85129_h
getWorldGeneratorOptions,func_85130_c
getTerrainTypeOfWorld,func_85132_a
getThunderTime,func_85133_m
getCacheSizes,func_85144_b
getLowerChestInventory,func_85151_d
removeTask,func_85156_a
isAdventureModeExempt,func_85157_q
setAdventureModeExempt,func_85158_p
playSoundToNearExcept,func_85173_a
getDefaultTeleporter,func_85176_s
getRandomModelBox,func_85181_a
sameToolAndBlock,func_85182_a
drawString,func_85187_a
makePortal,func_85188_a
removeStalePortalLocations,func_85189_a
isPartOfLargeChest,func_90010_a
createChild,func_90011_a
applyRenderColor,func_90019_g
getLimitFramerate,func_90020_K
getListOfPlayers,func_90022_d
getRendererMinecraft,func_90030_a
canLoadWorld,func_90033_f
getClassFromID,func_90035_a
getFireAspectModifier,func_90036_a
canRenderOnFire,func_90999_ad
closeScreenNoPacket,func_92015_f
createParticle,func_92034_a
createBall,func_92035_a
createBurst,func_92036_a
createShaped,func_92038_a
setTwinkle,func_92043_f
setColour,func_92044_a
setTrail,func_92045_e
setFadeColour,func_92046_g
setEntityItemStack,func_92058_a
getEntityItem,func_92059_d
getIsBlank,func_92085_d
causeThornsDamage,func_92087_a
makeFireworks,func_92088_a
canApply,func_92089_a
getFireTimeForEntity,func_92093_a
negateDamage,func_92097_a
addRecipe,func_92103_a
getEnchantedItemStack,func_92111_a
addEnchantment,func_92115_a
addEnchantmentBooksToList,func_92116_a
isItemValidForSlot,func_94041_b
nextTextureIndexX,func_94053_h
hasCustomNameTag,func_94056_bM
getCustomNameTag,func_94057_bL
setCustomNameTag,func_94058_c
getAlwaysRenderNameTagForRender,func_94059_bO
setAlwaysRenderNameTag,func_94061_f
getAlwaysRenderNameTag,func_94062_bN
drawTexturedModelRectFromIcon,func_94065_a
getTntPlacedBy,func_94083_c
getDefaultDisplayTileOffset,func_94085_r
setDisplayTileOffset,func_94086_l
getMinecartType,func_94087_l
createMinecart,func_94090_a
setDisplayTileData,func_94092_k
killMinecart,func_94095_a
setHasDisplayTile,func_94096_e
getDefaultDisplayTileData,func_94097_p
getDisplayTileData,func_94098_o
getDisplayTileOffset,func_94099_q
hasDisplayTile,func_94100_s
applyDrag,func_94101_h
explodeCart,func_94103_c
ignite,func_94105_c
setMinecartPowered,func_94107_f
isMinecartPowered,func_94108_c
getAccessibleSlotsFromSide,func_94128_d
registerDestroyBlockIcons,func_94140_a
updateIcons,func_94143_a
renderItemOverlayIntoGUI,func_94148_a
renderIcon,func_94149_a
updateIcons,func_94178_a
addSlot,func_94182_a
getStitchHolder,func_94183_a
getAllStitchSlots,func_94184_a
getOriginY,func_94185_c
getOriginX,func_94186_b
rotate,func_94194_d
isRotated,func_94195_e
setNewDimension,func_94196_a
getWidth,func_94197_a
getHeight,func_94199_b
getMinV,func_94206_g
getInterpolatedV,func_94207_b
getMinU,func_94209_e
getMaxV,func_94210_h
getIconWidth,func_94211_a
getMaxU,func_94212_f
getInterpolatedU,func_94214_a
getIconName,func_94215_i
getIconHeight,func_94216_b
copyFrom,func_94217_a
updateAnimation,func_94219_l
updateCompass,func_94241_a
registerIcon,func_94245_a
updateAnimations,func_94248_c
bindTexture,func_94277_a
doStitch,func_94305_f
getStichSlots,func_94309_g
allocateSlot,func_94310_b
expandAndAllocateSlot,func_94311_c
containsTranslateKey,func_94520_b
canTranslate,func_94522_b
calcRedstoneFromInventory,func_94526_b
canDragIntoSlot,func_94531_b
setExplosionSource,func_94539_a
setExplosion,func_94540_d
isExplosion,func_94541_c
getDamageSrc,func_94560_a
getStrongestIndirectPower,func_94572_D
getIndirectPowerOutput,func_94574_k
getEntitiesWithinAABBExcludingEntity,func_94576_a
getBlockPowerInput,func_94577_B
registerIcons,func_94581_a
getItemIconForUseDuration,func_94599_c
getItemSpriteNumber,func_94608_d
getExplosivePlacedBy,func_94613_c
getSpriteNumber,func_94901_k
isPushedByWater,func_96092_aw
setMinecartName,func_96094_a
onActivatorRailPass,func_96095_a
isIgnited,func_96096_ay
getXPos,func_96107_aA
getZPos,func_96108_aC
getYPos,func_96109_aB
setBlocked,func_96110_f
getBlocked,func_96111_ay
setEquipmentDropChance,func_96120_a
canAttackPlayer,func_96122_a
getWorldScoreboard,func_96123_co
getTeam,func_96124_cp
displayGUIHopperMinecart,func_96125_a
isBlockProtected,func_96290_a
getValidValues,func_96296_a
getFriendlyName,func_96297_d
getFormattingCode,func_96298_a
getValueByName,func_96300_b
isFancyStyling,func_96301_b
isColor,func_96302_c
joinNiceStringFromCollection,func_96333_a
getScoreboard,func_96441_U
setWorldScoreboard,func_96443_a
getTeam,func_96508_e
getPlayersTeam,func_96509_i
removeTeam,func_96511_d
removePlayerFromTeam,func_96512_b
getScoreObjectives,func_96514_c
getObjectiveDisplaySlot,func_96517_b
getObjective,func_96518_b
broadcastTeamCreated,func_96523_a
removePlayerFromTeams,func_96524_g
getTeams,func_96525_g
getObjectiveNames,func_96526_d
createTeam,func_96527_f
getTeamNames,func_96531_f
addScoreObjective,func_96535_a
getObjectiveDisplaySlotNumber,func_96537_j
broadcastTeamRemoved,func_96538_b
getFrontOffsetY,func_96559_d
attemptDamageItem,func_96631_a
isReadOnly,func_96637_b
decreaseScore,func_96646_b
setScorePoints,func_96647_c
increseScore,func_96649_a
getScoreScoreboard,func_96650_f
getScorePoints,func_96652_c
getPlayerName,func_96653_e
setAllowFriendlyFire,func_96660_a
getRegisteredName,func_96661_b
setNameSuffix,func_96662_c
getColorSuffix,func_96663_f
setTeamName,func_96664_a
getAllowFriendlyFire,func_96665_g
setNamePrefix,func_96666_b
formatPlayerName,func_96667_a
getColorPrefix,func_96668_e
getMembershipCollection,func_96670_d
getDisplayName,func_96678_d
getName,func_96679_b
getCriteria,func_96680_c
setDisplayName,func_96681_a
getScoreboard,func_96682_a
isInvisibleToPlayer,func_98034_c
writeMountToNBT,func_98035_c
setTransferTicker,func_98042_n
canTransfer,func_98043_aE
canPickUpLoot,func_98052_bS
setCanPickUpLoot,func_98053_h
setScaleForAge,func_98054_a
setScale,func_98055_j
getAtlasSprite,func_98150_a
getAllUsernames,func_98152_d
computeLightValue,func_98179_a
getSpawnerZ,func_98266_d
setDelayToMin,func_98268_b
getRandomEntity,func_98269_i
readFromNBT,func_98270_a
getSpawnerWorld,func_98271_a
setEntityName,func_98272_a
resetTimer,func_98273_j
getSpawnerY,func_98274_c
getSpawnerX,func_98275_b
getEntityNameToSpawn,func_98276_e
setRandomEntity,func_98277_a
updateSpawner,func_98278_g
isActivated,func_98279_f
writeToNBT,func_98280_b
setSeeFriendlyInvisiblesEnabled,func_98300_b
readGlyphSizes,func_98306_d
run,func_99999_d
getIsPotionDurationMax,func_100011_g
setPotionDurationMax,func_100012_b
isKeyDown,func_100015_a
canInsertItem,func_102007_a
canExtractItem,func_102008_b
isNoDespawnRequired,func_104002_bU
setForceGamemode,func_104055_i
getForceGamemode,func_104056_am
saveExtraData,func_104112_b
saveChunkData,func_104140_m
onChunkLoad,func_110123_P
getUniqueID,func_110124_au
setParticleIcon,func_110125_a
onBroken,func_110128_b
getKnotForBlock,func_110130_b
removeFrameFromMap,func_110131_b
getMaxHealth,func_110138_aP
getAbsorptionAmount,func_110139_bj
getAttributeMap,func_110140_aT
getHealth,func_110143_aJ
getLastAttacker,func_110144_aD
dismountEntity,func_110145_l
applyEntityAttributes,func_110147_ax
getEntityAttribute,func_110148_a
setAbsorptionAmount,func_110149_m
updateLeashedState,func_110159_bB
clearLeashed,func_110160_i
onSpawnWithEgg,func_110161_a
setLeashedToEntity,func_110162_b
allowLeashing,func_110164_bC
recreateLeash,func_110165_bF
getLeashedToEntity,func_110166_bE
getLeashed,func_110167_bD
setHomeArea,func_110171_b
getHomePosition,func_110172_bL
isWithinHomeDistanceCurrentPosition,func_110173_bK
hasHome,func_110175_bO
isWithinHomeDistance,func_110176_b
detachHome,func_110177_bN
addGrowth,func_110195_a
increaseTemper,func_110198_t
openGUI,func_110199_f
getHorseVariant,func_110202_bQ
isEatingHaystack,func_110204_cc
setJumpPower,func_110206_u
setChested,func_110207_m
setHorseWatchableBoolean,func_110208_b
isRearing,func_110209_cd
getVariantTexturePaths,func_110212_cp
setOwnerName,func_110213_b
setHorseType,func_110214_p
getHorseJumpStrength,func_110215_cj
spawnHorseParticles,func_110216_r
getAngrySoundName,func_110217_cl
getMaxTemper,func_110218_cm
setRearing,func_110219_q
makeHorseRear,func_110220_cK
setHasReproduced,func_110221_n
getRearingAmount,func_110223_p
dropChests,func_110224_ci
setEatingHaystack,func_110227_p
isAdultHorse,func_110228_bR
makeHorseRearWithSound,func_110231_cz
getHorseWatchableBoolean,func_110233_w
setHorseTamed,func_110234_j
setHorseVariant,func_110235_q
setTemper,func_110238_s
dropItemsInChest,func_110240_a
getHasReproduced,func_110243_cf
dropChestItems,func_110244_cA
isHorseJumping,func_110246_bZ
setHorseTexturePaths,func_110247_cG
isTame,func_110248_bS
openHorseMouth,func_110249_cI
getClosestHorse,func_110250_a
setHorseSaddled,func_110251_o
getTemper,func_110252_cg
getHorseSize,func_110254_bY
setHorseJumping,func_110255_k
isHorseSaddled,func_110257_ck
getGrassEatingAmount,func_110258_o
getHorseArmorIndex,func_110260_d
isChested,func_110261_ca
prepareChunkForSpawn,func_110262_ch
setTamedBy,func_110263_g
getHorseTexture,func_110264_co
getHorseType,func_110265_bP
displayGUIHorse,func_110298_a
getLocationCape,func_110299_g
getSkinUrl,func_110300_d
getDownloadImage,func_110301_a
setupCustomSkin,func_110302_j
getLocationCape,func_110303_q
getDownloadImageSkin,func_110304_a
getLocationSkull,func_110305_h
getLocationSkin,func_110306_p
getDownloadImageCape,func_110307_b
getCapeUrl,func_110308_e
getTextureSkin,func_110309_l
getTextureCape,func_110310_o
getLocationSkin,func_110311_f
isRidingHorse,func_110317_t
getHorseJumpPower,func_110319_bJ
setEntityActionState,func_110430_a
getLaunchedVersion,func_110431_a
getSession,func_110432_I
getTextureManager,func_110434_K
addDefaultResourcePack,func_110435_P
refreshResources,func_110436_a
getProxy,func_110437_J
getResourcePackRepository,func_110438_M
readImage,func_110439_b
updateDisplayMode,func_110441_Q
getResourceManager,func_110442_L
getServerProxy,func_110454_ao
getOpPermissionLevel,func_110455_j
getPackDescription,func_110461_a
getPackFormat,func_110462_b
getFrameIndex,func_110468_c
getFrameTime,func_110469_d
frameHasTime,func_110470_b
getFrameHeight,func_110471_a
getFrameTimeSingle,func_110472_a
getFrameCount,func_110473_c
getFrameWidth,func_110474_b
getTextureBlur,func_110479_a
getTextureClamp,func_110480_b
getSectionName,func_110483_a
parseAnimationFrame,func_110492_a
hasNoTime,func_110495_a
getFrameIndex,func_110496_c
getFrameTime,func_110497_b
parseMetadataSection,func_110503_a
registerMetadataSectionType,func_110504_a
getGson,func_110505_a
getResourcePack,func_110514_c
getResourcePackName,func_110515_d
updateResourcePack,func_110516_a
closeResourcePack,func_110517_b
bindTexturePackIcon,func_110518_a
getTexturePackDescription,func_110519_e
getMetadata,func_110526_a
getInputStream,func_110527_b
hasMetadata,func_110528_c
getResource,func_110536_a
getLocationMcmeta,func_110537_b
addResourcePack,func_110538_a
reloadResources,func_110541_a
registerReloadListener,func_110542_a
clearResources,func_110543_a
notifyReloadListeners,func_110544_b
reloadResourcePack,func_110545_a
onResourceManagerReload,func_110549_a
tick,func_110550_d
loadTexture,func_110551_a
getGlTextureId,func_110552_b
getImageUrl,func_110554_a
getImageBuffer,func_110555_b
isTextureUploaded,func_110557_a
updateDynamicTexture,func_110564_a
getTextureData,func_110565_c
initMissingImage,func_110569_e
loadTextureAtlas,func_110571_b
getAtlasSprite,func_110572_b
registerIcons,func_110573_f
bindTexture,func_110577_a
getDynamicTextureLocation,func_110578_a
loadTexture,func_110579_a
loadTickableTexture,func_110580_a
getTexture,func_110581_b
getPackImage,func_110586_a
getResourceDomains,func_110587_b
resourceExists,func_110589_b
getInputStream,func_110590_a
getInputStreamByName,func_110591_a
locationToName,func_110592_c
hasResourceName,func_110593_b
logNameNotLowercase,func_110594_c
getRelativeName,func_110595_a
readMetadata,func_110596_a
getResourcePackZipFile,func_110599_c
readAssetsDir,func_110603_a
addResourceFile,func_110604_a
getResourceStream,func_110605_c
getRepositoryEntriesAll,func_110609_b
updateRepositoryEntriesAll,func_110611_a
getDirResourcepacks,func_110612_e
getRepositoryEntries,func_110613_c
getResourcePackFiles,func_110614_g
fixDirResourcepacks,func_110616_f
getResourcePath,func_110623_a
getResourceDomain,func_110624_b
getTextWithoutFormattingCodes,func_110646_a
getOSType,func_110647_a
parseDoubleBounded,func_110661_a
parseBoolean,func_110662_c
parseDoubleWithMin,func_110664_a
setBoxRotation,func_110682_a
updateHorseRotation,func_110683_a
getEntityTexture,func_110775_a
bindTexture,func_110776_a
bindEntityTexture,func_110777_b
addSprite,func_110934_a
getCurrentWidth,func_110935_a
getCurrentHeight,func_110936_b
setIconWidth,func_110966_b
getOriginY,func_110967_i
setFramesTextureData,func_110968_a
setIconHeight,func_110969_c
getFrameCount,func_110970_k
initSprite,func_110971_a
updateAnaglyph,func_110985_a
readImageData,func_110986_a
uploadTextureImage,func_110987_a
uploadTexture,func_110988_a
uploadTextureImageAllocate,func_110989_a
copyToBuffer,func_110990_a
allocateTexture,func_110991_a
uploadTextureImageSubImpl,func_110993_a
copyToBufferPos,func_110994_a
uploadTextureImageSub,func_110995_a
glGenTextures,func_110996_a
setTextureClamped,func_110997_a
getAttributeUnlocalizedName,func_111108_a
clampValue,func_111109_a
getDefaultValue,func_111110_b
getShouldWatch,func_111111_c
setShouldWatch,func_111112_a
getDescription,func_111116_f
setDescription,func_111117_a
applyModifier,func_111121_a
getAttribute,func_111123_a
removeModifier,func_111124_b
getBaseValue,func_111125_b
getAttributeValue,func_111126_e
getModifier,func_111127_a
setBaseValue,func_111128_a
computeValue,func_111129_g
getModifiersByOperation,func_111130_a
flagForUpdate,func_111131_f
getWatchableObjectFloat,func_111145_d
getAllAttributes,func_111146_a
applyAttributeModifiers,func_111147_b
removeAttributeModifiers,func_111148_a
addAttributeInstance,func_111149_a
registerAttribute,func_111150_b
getAttributeInstance,func_111151_a
getAttributeInstanceByName,func_111152_a
getWatchedAttributes,func_111160_c
getAttributeInstanceSet,func_111161_b
getAmount,func_111164_d
isSaved,func_111165_e
getName,func_111166_b
getID,func_111167_a
setSaved,func_111168_a
getOperation,func_111169_c
getTargetDistance,func_111175_f
applyAttributesModifiersToEntity,func_111185_a
removeAttributesModifiersFromEntity,func_111187_a
sendMetadataToAllAssociatedPlayers,func_111190_b
getChunkWatcherList,func_111191_d
processChunk,func_111194_a
increaseInhabitedTime,func_111196_a
getItemAttributeModifiers,func_111205_h
setTextureName,func_111206_d
itemInteractionForEntity,func_111207_a
getIconString,func_111208_A
writeBaseAttributeMapToNBT,func_111257_a
applyModifiersToAttributeInstance,func_111258_a
readAttributeModifierFromNBT,func_111259_a
writeAttributeInstanceToNBT,func_111261_a
writeAttributeModifierToNBT,func_111262_a
getPathSearchRange,func_111269_d
getUnicodePageLocation,func_111271_a
readFontTexture,func_111272_d
interactWithEntity,func_111282_a
getAttributeModifiers,func_111283_C
getUsername,func_111285_a
getSessionID,func_111286_b
setGuiEnabled,func_120011_ar
createServerGui,func_120016_a
getLogComponent,func_120018_d
getStatsComponent,func_120019_b
getPlayerListComponent,func_120020_c
getCurrentMoonPhaseFactor,func_130001_d
interactFirst,func_130002_c
getOriginX,func_130010_a
setLastAttacker,func_130011_c
getEntityWorld,func_130014_f_
getSystemTimeMillis,func_130071_aq
getAnimationFrame,func_130072_d
getFrameIndexSet,func_130073_e
getPackName,func_130077_b
getTextureType,func_130086_a
getResourceLocation,func_130087_a
loadTextureMap,func_130088_a
hasAnimationMetadata,func_130098_m
allocateFrameTextureData,func_130099_d
resetSprite,func_130102_n
clearFramesTextureData,func_130103_l
getMinecraftStartTimeMillis,func_130105_g
getLanguageManager,func_135016_M
getLanguages,func_135018_a
loadLocaleData,func_135021_a
loadLocaleDataFiles,func_135022_a
formatMessage,func_135023_a
checkUnicode,func_135024_b
isUnicode,func_135025_a
translateKeyPrivate,func_135026_c
loadLocaleData,func_135028_a
getLanguageCode,func_135034_a
isBidirectional,func_135035_b
getLanguages,func_135040_d
getCurrentLanguage,func_135041_c
isCurrentLocaleUnicode,func_135042_a
parseLanguageMetadata,func_135043_a
isCurrentLanguageBidirectional,func_135044_b
setCurrentLanguage,func_135045_a
setLocale,func_135051_a
format,func_135052_a
getResourceDomains,func_135055_a
getAllResources,func_135056_b
getPackMetadata,func_135058_a
replaceWith,func_135063_a
tryTranslateKey,func_135064_c
shouldSetPosAfterLoading,func_142008_O
isOnTeam,func_142012_a
getLastAttackerTime,func_142013_aG
isOnSameTeam,func_142014_c
getOwnerName,func_142019_cb
getMinecraft,func_142030_c
removeAllModifiers,func_142049_d
formatString,func_142053_d
isSameTeam,func_142054_a
registerVillagePieces,func_143016_a
registerStructure,func_143034_b
registerScatteredFeaturePieces,func_143045_a
registerStrongholdPieces,func_143046_a
registerStructurePieces,func_143048_a
registerNetherFortressPieces,func_143049_a
addChatMessage,func_145747_a
setEntityId,func_145769_d
isInRangeToRender3d,func_145770_h
doesEntityNotTriggerPressurePlate,func_145773_az
getSwimSound,func_145776_H
getSplashSound,func_145777_O
dropItem,func_145779_a
getEntityId,func_145782_y
hasCustomInventoryName,func_145818_k_
getInventoryName,func_145825_b
addMapping,func_145826_a
createAndLoadEntity,func_145827_c
validate,func_145829_t
hasWorldObj,func_145830_o
getWorldObj,func_145831_w
getBlockMetadata,func_145832_p
getMaxRenderDistanceSquared,func_145833_n
setWorldObj,func_145834_a
getDistanceFrom,func_145835_a
updateContainingBlockInfo,func_145836_u
isInvalid,func_145837_r
getBlockType,func_145838_q
readFromNBT,func_145839_a
writeToNBT,func_145841_b
receiveClientEvent,func_145842_c
invalidate,func_145843_s
getDescriptionPacket,func_145844_m
updateEntity,func_145845_h
getStoredBlockID,func_145861_a
getPistonOrientation,func_145864_c
clearPistonTileEntity,func_145866_f
isExtending,func_145868_b
changePitch,func_145877_a
triggerNote,func_145878_a
setEditable,func_145913_a
canBrew,func_145934_k
getBrewTime,func_145935_i
getFilledSlots,func_145939_j
brewPotions,func_145940_l
canSmelt,func_145948_k
smeltItem,func_145949_j
isBurning,func_145950_i
getItemBurnTime,func_145952_a
getCookProgressScaled,func_145953_d
isItemFuel,func_145954_b
getBurnTimeRemainingScaled,func_145955_e
getFlowerPotItem,func_145965_a
getFlowerPotData,func_145966_b
checkForAdjacentChests,func_145979_i
setOutputSignal,func_145995_a
getOutputSignal,func_145996_a
getLevels,func_145998_l
setPrimaryEffect,func_146001_d
setSecondaryEffect,func_146004_e
getSecondaryEffect,func_146006_k
getPrimaryEffect,func_146007_j
consumeInventoryItem,func_146026_a
clearInventory,func_146027_a
hasItem,func_146028_b
getDropItem,func_146068_u
getCurrentPlayerStrVsBlock,func_146096_a
canHarvestBlock,func_146099_a
getGameProfile,func_146103_bH
addChatComponentMessage,func_146105_b
getStatFileWriter,func_146107_m
drawButton,func_146112_a
getHoverState,func_146114_a
mousePressed,func_146116_c
getButtonWidth,func_146117_b
mouseReleased,func_146118_a
mouseDragged,func_146119_b
returnEnumOptions,func_146136_c
openURI,func_146138_a
getChatGUI,func_146158_b
deleteFromCursor,func_146175_b
getVisible,func_146176_q
deleteWords,func_146177_a
updateCursorCounter,func_146178_a
getText,func_146179_b
setText,func_146180_a
getEnableBackgroundDrawing,func_146181_i
moveCursorBy,func_146182_d
getNthWordFromPos,func_146183_a
setEnabled,func_146184_c
setEnableBackgroundDrawing,func_146185_a
getSelectionEnd,func_146186_n
getNthWordFromCursor,func_146187_c
drawCursorVertical,func_146188_c
setVisible,func_146189_e
setCursorPosition,func_146190_e
writeText,func_146191_b
mouseClicked,func_146192_a
setTextColor,func_146193_g
drawTextBox,func_146194_f
setFocused,func_146195_b
setCursorPositionZero,func_146196_d
getCursorPosition,func_146198_h
setSelectionPos,func_146199_i
getWidth,func_146200_o
textboxKeyTyped,func_146201_a
setCursorPositionEnd,func_146202_e
setMaxStringLength,func_146203_f
setDisabledTextColour,func_146204_h
setCanLoseFocus,func_146205_d
isFocused,func_146206_l
getSelectedText,func_146207_c
getMaxStringLength,func_146208_g
printChatMessage,func_146227_a
scroll,func_146229_b
drawChat,func_146230_a
clearChatMessages,func_146231_a
printChatMessageWithOptionalDeletion,func_146234_a
getSentMessages,func_146238_c
addToSentMessages,func_146239_a
resetScroll,func_146240_d
getChatOpen,func_146241_e
deleteChatLine,func_146242_c
refreshChat,func_146245_b
handleInput,func_146269_k
drawWorldBackground,func_146270_b
isCtrlKeyDown,func_146271_m
isShiftKeyDown,func_146272_n
mouseClickMove,func_146273_a
handleMouseInput,func_146274_d
setClipboardString,func_146275_d
drawDefaultBackground,func_146276_q_
getClipboardString,func_146277_j
drawBackground,func_146278_c
drawCreativeTabHoveringText,func_146279_a
setWorldAndResolution,func_146280_a
onGuiClosed,func_146281_b
handleKeyboardInput,func_146282_l
actionPerformed,func_146284_a
renderToolTip,func_146285_a
mouseMovedOrUp,func_146286_b
copyLinkToClipboard,func_146359_e
getSentHistory,func_146402_a
addNewPage,func_146461_i
sendBookToServer,func_146462_a
keyTypedInBook,func_146463_b
updateButtons,func_146464_h
drawSprite,func_146527_c
drawButtonBackground,func_146531_b
getSlotAtPosition,func_146975_c
drawGuiContainerBackgroundLayer,func_146976_a
drawGuiContainerForegroundLayer,func_146979_b
isMouseOverSlot,func_146981_a
drawItemStack,func_146982_a
checkHotbarKeys,func_146983_a
handleMouseClick,func_146984_a
setCurrentCreativeTab,func_147050_b
renderCreativeInventoryHoveringText,func_147052_b
updateCreativeSearch,func_147053_i
needsScrollBars,func_147055_p
requestTexturePackLoad,func_147095_a
scheduleResourcesRefresh,func_147106_B
isFramerateLimitBelowMax,func_147107_h
displayGuiScreen,func_147108_a
getFramebuffer,func_147110_a
isJava64bit,func_147111_S
isGamePaused,func_147113_T
getNetHandler,func_147114_u
getTextureMapBlocks,func_147117_R
getSoundHandler,func_147118_V
updateFramebufferSize,func_147119_ah
isJvm64bit,func_147122_X
getTexturePack,func_147133_T
saveToFile,func_147149_a
getCategoryName,func_147155_a
getCategoryId,func_147156_b
isUUIDString,func_147172_a
tryGetUUIDFromString,func_147173_b
joinNiceString,func_147177_a
getItemByText,func_147179_f
getBlockByText,func_147180_g
addBlockDestroyEffects,func_147215_a
onDisconnect,func_147231_a
onConnectionStateTransition,func_147232_a
onNetworkTick,func_147233_a
handleBlockChange,func_147234_a
handleSpawnObject,func_147235_a
handleEntityStatus,func_147236_a
handleSpawnPlayer,func_147237_a
handleDestroyEntities,func_147238_a
handleConfirmTransaction,func_147239_a
handleCustomPayload,func_147240_a
handleWindowItems,func_147241_a
handleEntityEquipment,func_147242_a
handleEntityAttach,func_147243_a
handleEntityVelocity,func_147244_a
handleWindowProperty,func_147245_a
handleCollectItem,func_147246_a
handleTeams,func_147247_a
handleUpdateSign,func_147248_a
handleUpdateHealth,func_147249_a
handleUpdateScore,func_147250_a
handleChat,func_147251_a
handleChangeGameState,func_147252_a
handleDisconnect,func_147253_a
handleDisplayScoreboard,func_147254_a
handleSoundEffect,func_147255_a
handlePlayerListItem,func_147256_a
handleHeldItemChange,func_147257_a
handlePlayerPosLook,func_147258_a
handleEntityMovement,func_147259_a
handleEntityEffect,func_147260_a
handleBlockAction,func_147261_a
handleRemoveEntityEffect,func_147262_a
handleChunkData,func_147263_a
handleMaps,func_147264_a
handleOpenWindow,func_147265_a
handleSetSlot,func_147266_a
handleEntityHeadLook,func_147267_a
handleSignEditorOpen,func_147268_a
handleMapChunkBulk,func_147269_a
handlePlayerAbilities,func_147270_a
handleSpawnPosition,func_147271_a
handleKeepAlive,func_147272_a
handleUpdateTileEntity,func_147273_a
handleTabComplete,func_147274_a
handleEntityTeleport,func_147275_a
handleCloseWindow,func_147276_a
handleEffect,func_147277_a
handleUseBed,func_147278_a
handleAnimation,func_147279_a
handleRespawn,func_147280_a
handleSpawnMob,func_147281_a
handleJoinGame,func_147282_a
handleExplosion,func_147283_a
handleEntityMetadata,func_147284_a
handleTimeUpdate,func_147285_a
handleSpawnExperienceOrb,func_147286_a
handleMultiBlockChange,func_147287_a
handleSpawnPainting,func_147288_a
handleParticles,func_147289_a
handleEntityProperties,func_147290_a
handleScoreboardObjective,func_147291_a
handleSpawnGlobalEntity,func_147292_a
handleStatistics,func_147293_a
handleBlockBreakAnim,func_147294_a
handleSetExperience,func_147295_a
cleanup,func_147296_c
addToSendQueue,func_147297_a
getNetworkManager,func_147298_b
processPing,func_147311_a
processServerQuery,func_147312_a
processEncryptionResponse,func_147315_a
processLoginStart,func_147316_a
processEnchantItem,func_147338_a
processConfirmTransaction,func_147339_a
processUseEntity,func_147340_a
processTabComplete,func_147341_a
processClientStatus,func_147342_a
processUpdateSign,func_147343_a
processCreativeInventoryAction,func_147344_a
processPlayerDigging,func_147345_a
processPlayerBlockPlacement,func_147346_a
processPlayer,func_147347_a
processPlayerAbilities,func_147348_a
processVanilla250Packet,func_147349_a
processAnimation,func_147350_a
processClickWindow,func_147351_a
processClientSettings,func_147352_a
processKeepAlive,func_147353_a
processChatMessage,func_147354_a
processHeldItemChange,func_147355_a
processCloseWindow,func_147356_a
processEntityAction,func_147357_a
processInput,func_147358_a
sendPacket,func_147359_a
kickPlayerFromServer,func_147360_c
handleSlashCommand,func_147361_d
setPlayerLocation,func_147364_a
processHandshake,func_147383_a
handleDisconnect,func_147388_a
handleEncryptionRequest,func_147389_a
handleLoginSuccess,func_147390_a
handleServerInfo,func_147397_a
handlePong,func_147398_a
getBase64EncodedIconData,func_147409_e
replaceBlocksForBiome,func_147422_a
isAirBlock,func_147437_c
getTileEntity,func_147438_o
getBlock,func_147439_a
findClosestStructure,func_147440_b
notifyBlocksOfNeighborChange,func_147441_b
setThunderStrength,func_147442_i
destroyBlockInWorldPartially,func_147443_d
notifyBlockChange,func_147444_c
isBlockNormalCubeDefault,func_147445_c
setBlock,func_147449_b
addBlockEvent,func_147452_c
scheduleBlockUpdateWithPriority,func_147454_a
setTileEntity,func_147455_a
markBlockRangeForRenderUpdate,func_147458_c
notifyBlocksOfNeighborChange,func_147459_d
notifyBlockOfNeighborChange,func_147460_e
updateLightByType,func_147463_c
scheduleBlockUpdate,func_147464_a
setBlock,func_147465_d
doesBlockHaveSolidTopSurface,func_147466_a
setBlockToAir,func_147468_f
markBlockForUpdate,func_147471_g
canPlaceEntityOnSide,func_147472_a
getTopBlock,func_147474_b
removeTileEntity,func_147475_p
markTileEntityChunkModified,func_147476_b
isBlockTickScheduledThisTick,func_147477_a
bindTexture,func_147499_a
renderTileEntityAt,func_147500_a
cacheActiveRenderInfo,func_147542_a
renderTileEntity,func_147544_a
hasSpecialRenderer,func_147545_a
getSpecialRendererByClass,func_147546_a
getSpecialRenderer,func_147547_b
getFontRenderer,func_147548_a
renderTileEntityAt,func_147549_a
getVertexState,func_147564_a
setVertexState,func_147565_a
getHasNormals,func_147570_f
getHasBrightness,func_147571_e
getRawBuffer,func_147572_a
getHasTexture,func_147573_d
getHasColor,func_147574_g
getVertexCount,func_147575_c
getRawBufferIndex,func_147576_b
onStaticEntitiesChanged,func_147584_b
markBlockRangeForRenderUpdate,func_147585_a
markBlockForUpdate,func_147586_a
destroyBlockPartially,func_147587_b
markBlockForRenderUpdate,func_147588_b
renderEntities,func_147589_a
drawOutlinedBoundingBox,func_147590_a
rebuildDisplayListEntities,func_147591_f
setFramebufferColor,func_147604_a
createFramebuffer,func_147605_b
unbindFramebufferTexture,func_147606_d
setFramebufferFilter,func_147607_a
deleteFramebuffer,func_147608_a
unbindFramebuffer,func_147609_e
bindFramebuffer,func_147610_a
checkFramebufferComplete,func_147611_b
bindFramebufferTexture,func_147612_c
createBindFramebuffer,func_147613_a
framebufferClear,func_147614_f
framebufferRender,func_147615_c
deleteGlTexture,func_147631_c
setAnisotropicFiltering,func_147632_b
setMipmapLevels,func_147633_a
completeResourceLocation,func_147634_a
checkTextureUploaded,func_147640_e
setBufferedImage,func_147641_a
deleteTexture,func_147645_c
bidiReorder,func_147647_b
getXPosF,func_147649_g
getPositionedSoundLocation,func_147650_b
getZPosF,func_147651_i
getRepeatDelay,func_147652_d
getVolume,func_147653_e
getYPosF,func_147654_h
getPitch,func_147655_f
getAttenuationType,func_147656_j
canRepeat,func_147657_c
isDonePlaying,func_147667_k
getSound,func_147680_a
playDelayedSound,func_147681_a
playSound,func_147682_a
stopSound,func_147683_b
setSoundLevel,func_147684_a
unloadSounds,func_147685_d
getRandomSoundFromCategories,func_147686_a
resumeSounds,func_147687_e
pauseSounds,func_147689_b
stopSounds,func_147690_c
setListener,func_147691_a
isSoundPlaying,func_147692_c
loadSoundResource,func_147693_a
getMapItemRenderer,func_147701_i
isShaderActive,func_147702_a
deactivateShader,func_147703_b
updateShaderGroupSize,func_147704_a
activateNextShader,func_147705_c
getShaderGroup,func_147706_e
renderChest,func_147715_a
renderBlockLiquid,func_147721_p
renderBlockStairs,func_147722_a
renderBlockTripWireSource,func_147723_f
renderBlockStem,func_147724_m
renderBlockAnvil,func_147725_a
renderBlockVine,func_147726_j
mixAoBrightness,func_147727_a
renderBlockAnvilOrient,func_147728_a
getLiquidHeight,func_147729_a
renderBlockStemSmall,func_147730_a
renderPistonBase,func_147731_b
renderBlockRedstoneDiodeMetadata,func_147732_a
renderBlockStainedGlassPane,func_147733_k
renderFaceZPos,func_147734_d
renderBlockFence,func_147735_a
renderStandardBlockWithColorMultiplier,func_147736_d
renderBlockAnvilRotate,func_147737_a
renderPistonRodEW,func_147738_c
renderItemIn3d,func_147739_a
renderBlockStemBig,func_147740_a
renderBlockBrewingStand,func_147741_a
renderBlockLog,func_147742_r
renderBlockEndPortalFrame,func_147743_a
hasOverrideBlockTexture,func_147744_b
getBlockIcon,func_147745_b
renderCrossedSquares,func_147746_l
renderTorchAtAngle,func_147747_a
renderBlockRedstoneDiode,func_147748_a
renderBlockSandFalling,func_147749_a
renderPistonExtensionAllFaces,func_147750_a
renderStandardBlockWithAmbientOcclusion,func_147751_a
renderBlockFlowerpot,func_147752_a
setRenderAllFaces,func_147753_b
renderBlockCactusImpl,func_147754_e
renderBlockCactus,func_147755_t
renderBlockTripWire,func_147756_g
setOverrideBlockTexture,func_147757_a
getIconSafe,func_147758_b
renderBlockRepeater,func_147759_a
renderBlockDoor,func_147760_u
renderFaceZNeg,func_147761_c
unlockBlockBounds,func_147762_c
renderPistonRodUD,func_147763_a
renderFaceXPos,func_147764_f
drawCrossedSquares,func_147765_a
renderBlockMinecartTrack,func_147766_a
renderBlockPane,func_147767_a
renderFaceYNeg,func_147768_a
renderBlockAllFaces,func_147769_a
overrideBlockBounds,func_147770_b
clearOverrideBlockTexture,func_147771_a
renderBlockCocoa,func_147772_a
renderBlockBed,func_147773_v
renderBlockDoublePlant,func_147774_a
setRenderBoundsFromBlock,func_147775_a
renderBlockFenceGate,func_147776_a
getBlockIconFromSide,func_147777_a
getAoBrightness,func_147778_a
renderBlockQuartz,func_147779_s
renderBlockAnvilMetadata,func_147780_a
renderBlockRedstoneComparator,func_147781_a
setRenderBounds,func_147782_a
renderBlockLilyPad,func_147783_o
renderStandardBlock,func_147784_q
renderBlockCauldron,func_147785_a
setRenderFromInside,func_147786_a
getBlockIconFromSideAndMetadata,func_147787_a
renderBlockRedstoneWire,func_147788_h
renderPistonRodSN,func_147789_b
renderBlockLever,func_147790_e
renderBlockTorch,func_147791_c
renderBlockUsingTexture,func_147792_a
getBlockIcon,func_147793_a
renderBlockLadder,func_147794_i
renderBlockCropsImpl,func_147795_a
renderBlockCrops,func_147796_n
renderBlockBeacon,func_147797_a
renderFaceXNeg,func_147798_e
renderBlockHopperMetadata,func_147799_a
renderBlockAsItem,func_147800_a
renderBlockFire,func_147801_a
renderBlockDragonEgg,func_147802_a
renderBlockHopper,func_147803_a
renderPistonBaseAllFaces,func_147804_d
renderBlockByRenderType,func_147805_b
renderFaceYPos,func_147806_b
renderBlockWall,func_147807_a
renderStandardBlockWithAmbientOcclusionPartial,func_147808_b
renderPistonExtension,func_147809_c
updateRendererSort,func_147889_b
preRenderBlocks,func_147890_b
postRenderBlocks,func_147891_a
updateRenderer,func_147892_a
isStaticEntity,func_147905_a
renderEntityStatic,func_147936_a
renderEntitySimple,func_147937_a
cacheActiveRenderInfo,func_147938_a
renderEntityWithPosYaw,func_147940_a
deleteTexture,func_147942_a
allocateTextureImpl,func_147946_a
uploadTextureSub,func_147947_a
prepareAnisotropicData,func_147948_a
generateMipmapData,func_147949_a
setTextureBlurred,func_147951_b
uploadTextureMipmap,func_147955_a
prepareAnisotropicFiltering,func_147960_a
fixTransparentPixels,func_147961_a
getFrameTextureData,func_147962_a
generateMipmaps,func_147963_d
loadSprite,func_147964_a
getFrameTextureData,func_147965_a
getMipmapDimension,func_147969_b
getFramebuffer,func_148017_a
loadShaderGroup,func_148018_a
initPass,func_148019_b
addFramebuffer,func_148020_a
deleteShaderGroup,func_148021_a
getShaderGroupName,func_148022_b
addShader,func_148023_a
resetProjectionMatrix,func_148024_c
initFromLocation,func_148025_a
createBindFramebuffers,func_148026_a
initTarget,func_148027_a
initUniform,func_148028_c
preLoadShader,func_148040_d
addAuxFramebuffer,func_148041_a
loadShader,func_148042_a
getShaderManager,func_148043_c
deleteShader,func_148044_b
setProjectionMatrix,func_148045_a
getStaticShaderLinkHelper,func_148074_b
setNewStaticShaderLinkHelper,func_148076_a
drawSelectionBox,func_148120_b
bindAmountScrolled,func_148121_k
drawBackground,func_148123_a
drawSlot,func_148126_a
getSize,func_148127_b
drawScreen,func_148128_a
drawListHeader,func_148129_a
setShowSelectionBox,func_148130_a
isSelected,func_148131_a
setHasListHeader,func_148133_a
registerScrollButtons,func_148134_d
overlayBackground,func_148136_c
getScrollBarX,func_148137_d
getContentHeight,func_148138_e
getListWidth,func_148139_c
setSlotXBoundsFromLeft,func_148140_g
elementClicked,func_148144_a
scrollBy,func_148145_f
getSlotHeight,func_148146_j
actionPerformed,func_148147_a
getAmountScrolled,func_148148_g
getListEntry,func_148180_b
getToken,func_148254_d
getPlayerID,func_148255_b
saveScreenshot,func_148259_a
saveScreenshot,func_148260_a
denormalizeValue,func_148262_d
setValueMax,func_148263_a
snapToStep,func_148264_f
normalizeValue,func_148266_c
getValueMax,func_148267_f
snapToStepClamp,func_148268_e
mouseReleased,func_148277_b
mousePressed,func_148278_a
drawEntry,func_148279_a
scrollTo,func_148329_a
generateNewRandomName,func_148334_a
reseedRandomGenerator,func_148335_a
getListMipmaps,func_148535_c
sendPacketToAllPlayersInDimension,func_148537_a
sendChatMsg,func_148539_a
sendPacketToAllPlayers,func_148540_a
sendToAllNear,func_148541_a
allowUserToConnect,func_148542_a
sendToAllNearExcept,func_148543_a
sendChatMsgImpl,func_148544_a
createPlayerForUser,func_148545_a
isStreaming,func_148552_f
setSoundEntryVolume,func_148553_a
setSoundEntryWeight,func_148554_a
getSoundEntryWeight,func_148555_d
getSoundEntryName,func_148556_a
setStreaming,func_148557_a
getSoundEntryVolume,func_148558_b
setSoundEntryPitch,func_148559_b
getSoundEntryPitch,func_148560_c
setSoundEntryName,func_148561_a
setSoundEntryType,func_148562_a
getSoundEntryType,func_148563_e
getSoundList,func_148570_a
setSoundCategory,func_148571_a
setReplaceExisting,func_148572_a
getSoundCategory,func_148573_c
canReplaceExisting,func_148574_b
getType,func_148580_a
getTypeInt,func_148586_a
getNormalizedVolume,func_148594_a
getSoundCategoryVolume,func_148595_a
reloadSoundSystem,func_148596_a
isSoundPlaying,func_148597_a
addDelayedSound,func_148599_a
setSoundCategoryVolume,func_148601_a
stopSound,func_148602_b
resumeAllSounds,func_148604_f
updateAllSounds,func_148605_d
getNormalizedPitch,func_148606_a
loadSoundSystem,func_148608_i
pauseAllSounds,func_148610_e
playSound,func_148611_c
getURLForSoundResource,func_148612_a
unloadSoundSystem,func_148613_b
stopAllSounds,func_148614_c
setListener,func_148615_a
getMusicTickerLocation,func_148635_a
setVolume,func_148647_b
getVolume,func_148649_c
getPitch,func_148650_b
setPitch,func_148651_a
getSoundPoolEntryLocation,func_148652_a
addSoundToEventPool,func_148727_a
getSoundCategory,func_148728_d
getSoundEventLocation,func_148729_c
createUnderlyingMap,func_148740_a
containsKey,func_148741_d
getKeys,func_148742_b
getNameForObject,func_148750_c
containsId,func_148753_b
getObjectById,func_148754_a
ensureNamespaced,func_148755_c
addObject,func_148756_a
getIDForObject,func_148757_b
registerSound,func_148762_a
glBlendFunc,func_148821_a
isFramebufferEnabled,func_148822_b
processPacket,func_148833_a
readBlob,func_148834_a
serialize,func_148835_b
hasPriority,func_148836_a
readPacketData,func_148837_a
writeBlob,func_148838_a
generatePacket,func_148839_a
writePacketData,func_148840_b
getSelectedBoundingBoxFromPool,func_149633_g
getBlockFromItem,func_149634_a
getBlockColor,func_149635_D
harvestBlock,func_149636_a
isBlockNormalCube,func_149637_q
getExplosionResistance,func_149638_a
fillWithRain,func_149639_l
velocityToAddToEntity,func_149640_a
getTextureName,func_149641_N
dropBlockAsItem,func_149642_a
getDamageValue,func_149643_k
createStackedBlock,func_149644_j
getRenderType,func_149645_b
shouldSideBeRendered,func_149646_a
setCreativeTab,func_149647_a
isFlowerPot,func_149648_K
disableStats,func_149649_H
getItemDropped,func_149650_a
registerBlockIcons,func_149651_a
getEnableStats,func_149652_G
getTickRandomly,func_149653_t
isVecInsideYZBounds,func_149654_a
getBlocksMovement,func_149655_b
getMobilityFlag,func_149656_h
dropXpOnBlockBreak,func_149657_c
setBlockTextureName,func_149658_d
canDropFromExplosion,func_149659_a
onBlockPlaced,func_149660_a
isVecInsideXYBounds,func_149661_c
isOpaqueCube,func_149662_c
setBlockName,func_149663_c
onBlockDestroyedByPlayer,func_149664_b
getBlockBoundsMinY,func_149665_z
getSubBlocks,func_149666_a
isAssociatedBlock,func_149667_c
getCollisionBoundingBoxFromPool,func_149668_a
getBlockBoundsMaxY,func_149669_A
onEntityCollidedWithBlock,func_149670_a
registerBlocks,func_149671_p
setStepSound,func_149672_a
getIcon,func_149673_e
updateTick,func_149674_a
setTickRandomly,func_149675_a
setBlockBounds,func_149676_a
getMixedBrightnessForBlock,func_149677_c
canCollideCheck,func_149678_a
quantityDroppedWithBonus,func_149679_a
isEqualTo,func_149680_a
onBlockHarvested,func_149681_a
getIdFromBlock,func_149682_b
setBlockBoundsForItemRender,func_149683_g
getBlockFromName,func_149684_b
getAmbientOcclusionLightValue,func_149685_I
renderAsNormalBlock,func_149686_d
isVecInsideXZBounds,func_149687_b
getMaterial,func_149688_o
onBlockPlacedBy,func_149689_a
dropBlockAsItemWithChance,func_149690_a
getIcon,func_149691_a
damageDropped,func_149692_a
getBlockBoundsMaxZ,func_149693_C
getItem,func_149694_d
onNeighborBlockChange,func_149695_a
onBlockEventReceived,func_149696_a
dropBlockAsItem,func_149697_b
onBlockClicked,func_149699_a
canSilkHarvest,func_149700_E
getRenderBlockPass,func_149701_w
getItemIconName,func_149702_O
isCollidable,func_149703_v
getBlockBoundsMinX,func_149704_x
canReplace,func_149705_a
getBlockBoundsMinZ,func_149706_B
canPlaceBlockOnSide,func_149707_d
getCreativeTabToDisplayOn,func_149708_J
isProvidingWeakPower,func_149709_b
getUseNeighborBrightness,func_149710_n
setHardness,func_149711_c
getBlockHardness,func_149712_f
setLightOpacity,func_149713_g
onPostBlockPlaced,func_149714_e
setLightLevel,func_149715_a
hasTileEntity,func_149716_u
getLightOpacity,func_149717_k
canBlockStay,func_149718_j
setBlockBoundsBasedOnState,func_149719_a
colorMultiplier,func_149720_d
isNormalCube,func_149721_r
setBlockUnbreakable,func_149722_s
onBlockDestroyedByExplosion,func_149723_a
onEntityWalking,func_149724_b
onBlockPreDestroy,func_149725_f
onBlockAdded,func_149726_b
onBlockActivated,func_149727_a
getMapColor,func_149728_f
getBlockById,func_149729_e
collisionRayTrace,func_149731_a
getLocalizedName,func_149732_F
getBlockTextureFromSide,func_149733_h
randomDisplayTick,func_149734_b
getComparatorInputOverride,func_149736_g
getPlayerRelativeBlockHardness,func_149737_a
tickRate,func_149738_a
getUnlocalizedName,func_149739_a
hasComparatorInputOverride,func_149740_M
getRenderColor,func_149741_i
canPlaceBlockAt,func_149742_c
addCollisionBoxesToList,func_149743_a
canProvidePower,func_149744_f
quantityDropped,func_149745_a
onFallenUpon,func_149746_a
isBlockSolid,func_149747_d
isProvidingStrongPower,func_149748_c
breakBlock,func_149749_a
getLightValue,func_149750_m
getCanBlockGrass,func_149751_l
setResistance,func_149752_b
getBlockBoundsMaxX,func_149753_y
getEffectiveFlowDecay,func_149798_e
getFlowVector,func_149800_f
getLiquidHeightPercent,func_149801_b
getFlowDirection,func_149802_a
getLiquidIcon,func_149803_e
isFlammable,func_149817_o
setNotStationary,func_149818_n
invertMetadata,func_149819_b
canConnectFenceTo,func_149826_e
getFireIcon,func_149840_c
tryCatchFire,func_149841_a
canBlockCatchFire,func_149844_e
getChanceOfNeighborsEncouragingFire,func_149845_m
canNeighborBurn,func_149847_e
canPlaceBlockOn,func_149854_a
checkAndDropBlock,func_149855_e
getStemIcon,func_149872_i
getState,func_149873_e
getDirection,func_149895_l
isFenceGateOpen,func_149896_b
getBlockUnpowered,func_149898_i
isGettingInput,func_149900_a
getInputStrength,func_149903_h
getBlockPowered,func_149906_e
isRedstoneRepeaterBlockID,func_149909_d
createNewTileEntity,func_149915_a
getHopperIcon,func_149916_e
getDirectionFromMetadata,func_149918_b
updateFurnaceBlockState,func_149931_a
getIconBrewingStandBase,func_149959_e
getTileEntity,func_149962_a
getOutputStrength,func_149970_j
getTileEntityComparator,func_149971_e
isBlockHeadOfBed,func_149975_b
getCocoaIcon,func_149988_b
getIconSideOverlay,func_149990_e
isEnderEyeInserted,func_150020_b
getIconEndPortalFrameEye,func_150021_e
getRenderLiquidLevel,func_150025_c
getCauldronIcon,func_150026_e
isPowered,func_150050_e
determineOrientation,func_150071_a
isIndirectlyPowered,func_150072_a
getPistonExtensionTexture,func_150073_e
getPistonBaseIcon,func_150074_e
isExtended,func_150075_c
getPistonOrientation,func_150076_b
canExtend,func_150077_h
updatePistonState,func_150078_e
tryExtend,func_150079_i
canPushBlock,func_150080_a
getDirectionMeta,func_150085_b
canConnectWallTo,func_150091_e
canPaneConnectToBlock,func_150098_a
setGraphicsLevel,func_150122_b
removeLeaves,func_150126_e
getTopIcon,func_150161_d
getSideIcon,func_150163_b
getRedstoneWireIcon,func_150173_e
isPowerProviderOrWire,func_150174_f
createDeepCopy,func_150206_m
setChatHoverEvent,func_150209_a
getChatHoverEvent,func_150210_i
getColor,func_150215_a
setItalic,func_150217_b
getFormattingCode,func_150218_j
setParentStyle,func_150221_a
getBold,func_150223_b
getParent,func_150224_n
setStrikethrough,func_150225_c
setBold,func_150227_a
setUnderlined,func_150228_d
isEmpty,func_150229_g
createShallowCopy,func_150232_l
getObfuscated,func_150233_f
getUnderlined,func_150234_e
getChatClickEvent,func_150235_h
getStrikethrough,func_150236_d
setObfuscated,func_150237_e
setColor,func_150238_a
setChatClickEvent,func_150241_a
getItalic,func_150242_c
getSiblings,func_150253_a
getFormattedText,func_150254_d
setChatStyle,func_150255_a
getChatStyle,func_150256_b
appendSibling,func_150257_a
appendText,func_150258_a
createCopy,func_150259_f
getUnformattedText,func_150260_c
getUnformattedTextForChat,func_150261_e
createDeepCopyIterator,func_150262_a
getChatComponentText_TextValue,func_150265_g
getKey,func_150268_i
initializeFromFormat,func_150269_b
ensureInitialized,func_150270_g
getFormatArgs,func_150271_j
getFormatArgumentAsComponent,func_150272_a
getTagList,func_150295_c
hasKey,func_150297_b
getCompoundTagAt,func_150305_b
getStringTagAt,func_150307_f
getPitch,func_150494_d
getBreakSound,func_150495_a
getVolume,func_150497_c
getStepResourcePath,func_150498_e
getLastUpdateTimeInMilliseconds,func_150510_c
decorateChunk,func_150512_a
genDecorations,func_150513_a
setBlockAndNotifyAdequately,func_150516_a
getBiomeGrassColor,func_150558_b
genBiomeTerrain,func_150560_b
getTempCategory,func_150561_m
getBiomeClass,func_150562_l
getFloatTemperature,func_150564_a
getBiomeGenArray,func_150565_n
createMutation,func_150566_k
getBiome,func_150568_d
isEqualTo,func_150569_a
setHeight,func_150570_a
getBiomeFoliageColor,func_150571_c
genTerrainBlocks,func_150573_a
mutateHills,func_150633_b
getValue,func_150668_b
getAction,func_150669_a
getValueByCanonicalName,func_150672_a
getCanonicalName,func_150673_b
shouldAllowInChat,func_150674_a
getValueByCanonicalName,func_150684_a
getCanonicalName,func_150685_b
shouldAllowInChat,func_150686_a
getAction,func_150701_a
getValue,func_150702_b
generateDispenserContents,func_150706_a
closeChannel,func_150718_a
setNetHandler,func_150719_a
disableAutoRead,func_150721_g
provideLocalClient,func_150722_a
setConnectionState,func_150723_a
isChannelOpen,func_150724_d
scheduleOutboundPacket,func_150725_a
provideLanClient,func_150726_a
enableEncryption,func_150727_a
getNetHandler,func_150729_e
getExitMessage,func_150730_f
isLocalChannel,func_150731_c
dispatchPacket,func_150732_b
flushOutboundQueue,func_150733_h
attenuate,func_150775_a
writeStringToBuffer,func_150785_a
writeNBTTagCompoundToBuffer,func_150786_a
writeVarIntToBuffer,func_150787_b
writeItemStackToBuffer,func_150788_a
readStringFromBuffer,func_150789_c
getVarIntSize,func_150790_a
readItemStackFromBuffer,func_150791_c
readVarIntFromBuffer,func_150792_a
readNBTTagCompoundFromBuffer,func_150793_b
findBiomePosition,func_150795_a
recheckGaps,func_150803_c
removeTileEntity,func_150805_f
getBlock,func_150810_a
addTileEntity,func_150813_a
getBlockByExtId,func_150819_a
translateToFallback,func_150826_b
getLastTranslationUpdateTimeInMilliseconds,func_150827_a
getBlockTileEntity,func_150835_j
getIdFromItem,func_150891_b
isPotionIngredient,func_150892_m
onBlockDestroyed,func_150894_a
getSubItems,func_150895_a
getPotionEffect,func_150896_i
getItemFromBlock,func_150898_a
getItemById,func_150899_d
registerItems,func_150900_l
placeDoorBlock,func_150924_a
getRecord,func_150926_b
getRecordNameLocal,func_150927_i
getToolMaterialName,func_150932_j
setStackDisplayName,func_151001_c
getSerializableElement,func_151003_a
getJsonSerializableValue,func_151187_b
setIntegerValue,func_151188_a
getIntegerValue,func_151189_a
setJsonSerializableValue,func_151190_a
getJsonObjectStringFieldValue,func_151200_h
jsonObjectFieldTypeIsPrimitive,func_151201_f
jsonObjectFieldTypeIsArray,func_151202_d
getJsonObjectIntegerFieldValue,func_151203_m
jsonObjectHasNamedField,func_151204_g
jsonObjectFieldTypeIsString,func_151205_a
getJsonElementStringValue,func_151206_a
getJsonElementAsJsonArray,func_151207_m
getJsonObjectIntegerFieldValueOrDefault,func_151208_a
getJsonObjectBooleanFieldValueOrDefault,func_151209_a
getJsonElementAsJsonObject,func_151210_l
jsonElementTypeIsString,func_151211_a
getJsonObjectBooleanFieldValue,func_151212_i
getJsonObjectJsonArrayFieldOrDefault,func_151213_a
getJsonObjectJsonArrayField,func_151214_t
getJsonElementIntegerValue,func_151215_f
getJsonElementBooleanValue,func_151216_b
getJsonObjectFloatFieldValue,func_151217_k
getJsonObjectFieldOrDefault,func_151218_a
getJsonObjectStringFieldValueOrDefault,func_151219_a
getJsonElementFloatValue,func_151220_d
getJsonObjectFloatFieldValueOrDefault,func_151221_a
getJsonElementTypeDescription,func_151222_d
isPowerOfTwo,func_151235_d
roundUpToPowerOfTwo,func_151236_b
clamp_double,func_151237_a
denormalizeClamp,func_151238_b
calculateLogBaseTwo,func_151239_c
randomFloatClamp,func_151240_a
calculateLogBaseTwoDeBruijn,func_151241_e
getIconItemStack,func_151244_d
isNullOrEmpty,func_151246_b
markBlockForUpdate,func_151250_a
sendToAllPlayersWatchingChunk,func_151251_a
sendTileToAllPlayersWatchingChunk,func_151252_a
flagChunkForUpdate,func_151253_a
addLanEndpoint,func_151265_a
terminateEndpoints,func_151268_b
networkTick,func_151269_c
addLocalEndpoint,func_151270_a
getBlock,func_151337_f
getEventParameter,func_151338_e
getEventID,func_151339_d
showWorldInfoNotice,func_151357_h
setNotificationData,func_151358_j
getSmeltingResult,func_151395_a
getEnumChatVisibility,func_151426_a
getChatVisibility,func_151428_a
getResourceKey,func_151429_b
getSoundLevel,func_151438_a
setSoundLevel,func_151439_a
setOptionKeyBinding,func_151440_a
getBlockAtEntityViewpoint,func_151460_a
setKeyCode,func_151462_b
getKeyCode,func_151463_i
getKeyDescription,func_151464_g
getKeyCategory,func_151466_e
getKeybinds,func_151467_c
isPressed,func_151468_f
getKeyCodeDefault,func_151469_h
getIsKeyPressed,func_151470_d
writeWatchedListToPacketBuffer,func_151507_a
readWatchedListFromPacketBuffer,func_151508_b
writeWatchableObjectToPacketBuffer,func_151510_a
isDamageAbsolute,func_151517_h
setDamageIsAbsolute,func_151518_m
getDifficultyEnum,func_151523_a
getDifficultyId,func_151525_a
getDifficultyResourceKey,func_151526_b
getBlockAtCurrentPosition,func_151548_a
fillWithBlocks,func_151549_a
placeBlockAtCurrentPosition,func_151550_a
randomlyFillWithBlocks,func_151551_a
getMetadataWithOffset,func_151555_a
fillWithMetadataBlocks,func_151556_a
getMaterialMapColor,func_151565_r
compareBiomesById,func_151616_a
selectModeOrRandom,func_151617_b
isBiomeOceanic,func_151618_b
selectRandom,func_151619_a
getIntsHeatIce,func_151624_d
getIntsSpecial,func_151625_e
getIntsCoolWarm,func_151626_c
getMapColorForBlockColored,func_151644_a